[LOG] Log file for this run: /home/poette.m/mimic-validation/TSFE_methodologie/Clean_Build_Workpackages_Workflow/pipeline_logs/pipeline_20260915_174303_pid294143.log
[CONFIG] modes=['smoke_wp1_mimic'], experiments=7, seed=42, figure_format=pdf
[PIPELINE] 7 experiment(s) scheduled.
[CONFIG] Optuna choices: (False,)

====================================================================================================
[EXPERIMENT 1/7] STARTED
  Model        : VanillaTransformerModified
  Features     : Mode Commonly Used Without pmsi
  Balancing    : Aucune Méthode
  Optuna       : False
====================================================================================================
[2026-09-15 17:43:05] [STAGE] Creating the experiment configuration
[2026-09-15 17:43:05] [STAGE] Initializing hardware and parameters
Is CUDA available? True
Current device: 0
GPU name: NVIDIA GeForce RTX 3090
[2026-09-15 17:43:05] [STAGE] Loading and merging data
[2026-09-15 17:43:05] [STAGE] Preparing and cleaning the dataset
[WINDOWS FILTER] required_length=24, patients before filter=1000, patients retained=1000
Number of features sent to VanillaTransformerModified : 35 : ['score_glasgow', 'is_conscious', 'heart_rate', 'creat', 'is_cvvhf', 'is_hdi', 'pao2', 'is_ventilated', 'fio2_corr', 'age', 'temp', 'pas', 'pam', 'pad', 'bili_tot', 'leucocytes', 'fr', 'ph', 'sodium', 'potassium', 'num_plq', 'blood_urea', 'nad_dose_poids', 'hemoglobine', 'tp', 'spo2', 'hco3', 'glyc_cap', 'admission_type_DIRECT EMER.', 'admission_type_ELECTIVE', 'admission_type_EU OBSERVATION', 'admission_type_EW EMER.', 'admission_type_OBSERVATION ADMIT', 'admission_type_SURGICAL SAME DAY ADMISSION', 'admission_type_URGENT']
[2026-09-15 17:43:05] [STAGE] Preparing model data and the initial holdout
[2026-09-15 17:43:05] [STAGE] Building and preprocessing the 5 folds

[TIME PIPELINE] extraction_type='time' detected for VanillaTransformerModified. Setting train_init_df rows=19200, holdout_init_df rows=4800
[TIME PIPELINE] X (train_init_df) type=DataFrame, y shape=(19200,), groups shape=(19200,)

─────────────────── Processing Fold 1/5 ───────────────────
[TIME PIPELINE] Fold 1: train_idx length=15360, validation_idx length=3840
[TIME PIPELINE] Fold 1: Calling preproc.process_time_fold...
[TIME PIPELINE] Fold 1: process_time_fold returned. x_train shape=(640, 24, 35), x_val shape=(160, 24, 35), x_holdout shape=(200, 24, 35), y_train positives=128/640

─────────────────── Processing Fold 2/5 ───────────────────
[TIME PIPELINE] Fold 2: train_idx length=15360, validation_idx length=3840
[TIME PIPELINE] Fold 2: Calling preproc.process_time_fold...
[TIME PIPELINE] Fold 2: process_time_fold returned. x_train shape=(640, 24, 35), x_val shape=(160, 24, 35), x_holdout shape=(200, 24, 35), y_train positives=128/640

─────────────────── Processing Fold 3/5 ───────────────────
[TIME PIPELINE] Fold 3: train_idx length=15360, validation_idx length=3840
[TIME PIPELINE] Fold 3: Calling preproc.process_time_fold...
[TIME PIPELINE] Fold 3: process_time_fold returned. x_train shape=(640, 24, 35), x_val shape=(160, 24, 35), x_holdout shape=(200, 24, 35), y_train positives=128/640

─────────────────── Processing Fold 4/5 ───────────────────
[TIME PIPELINE] Fold 4: train_idx length=15360, validation_idx length=3840
[TIME PIPELINE] Fold 4: Calling preproc.process_time_fold...
[TIME PIPELINE] Fold 4: process_time_fold returned. x_train shape=(640, 24, 35), x_val shape=(160, 24, 35), x_holdout shape=(200, 24, 35), y_train positives=128/640

─────────────────── Processing Fold 5/5 ───────────────────
[TIME PIPELINE] Fold 5: train_idx length=15360, validation_idx length=3840
[TIME PIPELINE] Fold 5: Calling preproc.process_time_fold...
[TIME PIPELINE] Fold 5: process_time_fold returned. x_train shape=(640, 24, 35), x_val shape=(160, 24, 35), x_holdout shape=(200, 24, 35), y_train positives=128/640
All 5 folds were computed successfully!
[2026-09-15 17:43:07] [STAGE] Preparing training
Training started
--> Applied parameters: {'epochs': 150, 'patience': 20, 'lr': 0.001, 'd_model': 64, 'nhead': 4, 'num_layers': 2, 'dim_feedforward': 128, 'batch_size': 64}

[2026-09-15 17:43:07] [STAGE] Training fold 1/5

─────────────────── Training Fold 1/5 ───────────────────
--> Previously trained model found at models/duplicates/isDeceased_lt_28d/target_col/24h_debut_rea_no-fill/Mode_Commonly_Used_Without_pmsi/VanillaTransformerModified/seed_42_temperature_scaling/fold_0.pt. Skipping to the next fold.
[2026-09-15 17:43:07] [STAGE] Training fold 2/5

─────────────────── Training Fold 2/5 ───────────────────
--> Previously trained model found at models/duplicates/isDeceased_lt_28d/target_col/24h_debut_rea_no-fill/Mode_Commonly_Used_Without_pmsi/VanillaTransformerModified/seed_42_temperature_scaling/fold_1.pt. Skipping to the next fold.
[2026-09-15 17:43:07] [STAGE] Training fold 3/5

─────────────────── Training Fold 3/5 ───────────────────
--> Previously trained model found at models/duplicates/isDeceased_lt_28d/target_col/24h_debut_rea_no-fill/Mode_Commonly_Used_Without_pmsi/VanillaTransformerModified/seed_42_temperature_scaling/fold_2.pt. Skipping to the next fold.
[2026-09-15 17:43:07] [STAGE] Training fold 4/5

─────────────────── Training Fold 4/5 ───────────────────
--> Previously trained model found at models/duplicates/isDeceased_lt_28d/target_col/24h_debut_rea_no-fill/Mode_Commonly_Used_Without_pmsi/VanillaTransformerModified/seed_42_temperature_scaling/fold_3.pt. Skipping to the next fold.
[2026-09-15 17:43:07] [STAGE] Training fold 5/5

─────────────────── Training Fold 5/5 ───────────────────
--> Previously trained model found at models/duplicates/isDeceased_lt_28d/target_col/24h_debut_rea_no-fill/Mode_Commonly_Used_Without_pmsi/VanillaTransformerModified/seed_42_temperature_scaling/fold_4.pt. Skipping to the next fold.
Cross-validation completed successfully. Five models were saved.
Output directory ready: outputs/duplicates/isDeceased_lt_28d/target_col/24h_debut_rea_no-fill/Mode_Commonly_Used_Without_pmsi/VanillaTransformerModified/seed_42_temperature_scaling
Non-blocking error: the learning curve could not be saved because it already exists.
[2026-09-15 17:43:07] [STAGE] Evaluating the 5 folds
[2026-09-15 17:43:07] [STAGE] Evaluating fold 1/5

─────────────────── Evaluating Fold 1/5 ───────────────────
Loaded model: models/duplicates/isDeceased_lt_28d/target_col/24h_debut_rea_no-fill/Mode_Commonly_Used_Without_pmsi/VanillaTransformerModified/seed_42_temperature_scaling/fold_0.pt
✓ Model loaded: models/duplicates/isDeceased_lt_28d/target_col/24h_debut_rea_no-fill/Mode_Commonly_Used_Without_pmsi/VanillaTransformerModified/seed_42_temperature_scaling/fold_0.pt
  Device           : cuda:0
  Temperature T    : 0.9941
  Calibration bias : -1.6021
Predicting on 160 samples...
  Prediction statistics:
    - min  : 0.006638
    - max  : 0.828967
    - mean : 0.200134

============================================================
EVALUATION RESULTS (VANILLA TRANSFORMER)
============================================================
  Checkpoint    : fold_0.pt
  Device        : cuda:0
  Temperature T : 0.994144
  AUC-ROC       : 0.879883
  Brier Score   : 0.112461
  N test        : 160 / 160
============================================================

[FOLD 1] AUC=0.8799, AUPRC=0.6256, Brier=0.1125, ICI=0.0909
[2026-09-15 17:43:07] [STAGE] Evaluating fold 2/5

─────────────────── Evaluating Fold 2/5 ───────────────────
Loaded model: models/duplicates/isDeceased_lt_28d/target_col/24h_debut_rea_no-fill/Mode_Commonly_Used_Without_pmsi/VanillaTransformerModified/seed_42_temperature_scaling/fold_1.pt
✓ Model loaded: models/duplicates/isDeceased_lt_28d/target_col/24h_debut_rea_no-fill/Mode_Commonly_Used_Without_pmsi/VanillaTransformerModified/seed_42_temperature_scaling/fold_1.pt
  Device           : cuda:0
  Temperature T    : 1.3861
  Calibration bias : -1.0891
Predicting on 160 samples...
  Prediction statistics:
    - min  : 0.032638
    - max  : 0.739365
    - mean : 0.200167

============================================================
EVALUATION RESULTS (VANILLA TRANSFORMER)
============================================================
  Checkpoint    : fold_1.pt
  Device        : cuda:0
  Temperature T : 1.386140
  AUC-ROC       : 0.767334
  Brier Score   : 0.131103
  N test        : 160 / 160
============================================================

[FOLD 2] AUC=0.7673, AUPRC=0.4650, Brier=0.1311, ICI=0.0504
[2026-09-15 17:43:07] [STAGE] Evaluating fold 3/5

─────────────────── Evaluating Fold 3/5 ───────────────────
Loaded model: models/duplicates/isDeceased_lt_28d/target_col/24h_debut_rea_no-fill/Mode_Commonly_Used_Without_pmsi/VanillaTransformerModified/seed_42_temperature_scaling/fold_2.pt
✓ Model loaded: models/duplicates/isDeceased_lt_28d/target_col/24h_debut_rea_no-fill/Mode_Commonly_Used_Without_pmsi/VanillaTransformerModified/seed_42_temperature_scaling/fold_2.pt
  Device           : cuda:0
  Temperature T    : 1.6247
  Calibration bias : -1.1835
Predicting on 160 samples...
  Prediction statistics:
    - min  : 0.034949
    - max  : 0.638624
    - mean : 0.200005

============================================================
EVALUATION RESULTS (VANILLA TRANSFORMER)
============================================================
  Checkpoint    : fold_2.pt
  Device        : cuda:0
  Temperature T : 1.624671
  AUC-ROC       : 0.781250
  Brier Score   : 0.139249
  N test        : 160 / 160
============================================================

[FOLD 3] AUC=0.7812, AUPRC=0.3792, Brier=0.1392, ICI=0.0792
[2026-09-15 17:43:07] [STAGE] Evaluating fold 4/5

─────────────────── Evaluating Fold 4/5 ───────────────────
Loaded model: models/duplicates/isDeceased_lt_28d/target_col/24h_debut_rea_no-fill/Mode_Commonly_Used_Without_pmsi/VanillaTransformerModified/seed_42_temperature_scaling/fold_3.pt
✓ Model loaded: models/duplicates/isDeceased_lt_28d/target_col/24h_debut_rea_no-fill/Mode_Commonly_Used_Without_pmsi/VanillaTransformerModified/seed_42_temperature_scaling/fold_3.pt
  Device           : cuda:0
  Temperature T    : 1.1927
  Calibration bias : -1.4262
Predicting on 160 samples...
  Prediction statistics:
    - min  : 0.025821
    - max  : 0.676506
    - mean : 0.200087

============================================================
EVALUATION RESULTS (VANILLA TRANSFORMER)
============================================================
  Checkpoint    : fold_3.pt
  Device        : cuda:0
  Temperature T : 1.192654
  AUC-ROC       : 0.809570
  Brier Score   : 0.129639
  N test        : 160 / 160
============================================================

[FOLD 4] AUC=0.8096, AUPRC=0.4791, Brier=0.1296, ICI=0.0229
[2026-09-15 17:43:07] [STAGE] Evaluating fold 5/5

─────────────────── Evaluating Fold 5/5 ───────────────────
Loaded model: models/duplicates/isDeceased_lt_28d/target_col/24h_debut_rea_no-fill/Mode_Commonly_Used_Without_pmsi/VanillaTransformerModified/seed_42_temperature_scaling/fold_4.pt
✓ Model loaded: models/duplicates/isDeceased_lt_28d/target_col/24h_debut_rea_no-fill/Mode_Commonly_Used_Without_pmsi/VanillaTransformerModified/seed_42_temperature_scaling/fold_4.pt
  Device           : cuda:0
  Temperature T    : 1.0627
  Calibration bias : -1.5446
Predicting on 160 samples...
  Prediction statistics:
    - min  : 0.030041
    - max  : 0.723264
    - mean : 0.200059

============================================================
EVALUATION RESULTS (VANILLA TRANSFORMER)
============================================================
  Checkpoint    : fold_4.pt
  Device        : cuda:0
  Temperature T : 1.062714
  AUC-ROC       : 0.775879
  Brier Score   : 0.132245
  N test        : 160 / 160
============================================================

[FOLD 5] AUC=0.7759, AUPRC=0.4577, Brier=0.1322, ICI=0.0595

==================== FOLD METRICS SUMMARY ====================
auc: 0.8028 (± 0.0459)
auprc: 0.4813 (± 0.0895)
f1_score: 0.5690 (± 0.0397)
mcc: 0.4552 (± 0.0588)
best_threshold: 0.2469 (± 0.0757)
brier: 0.1289 (± 0.0099)
calibration_intercept: -0.0006 (± 0.0012)
calibration_slope: 1.0001 (± 0.0013)
ici: 0.0606 (± 0.0264)
e90: 0.3156 (± 0.1566)

==================== GLOBAL CROSS-VALIDATION SUMMARY ====================
===============================================================================

Generating the pooled out-of-fold calibration curve...
[2026-09-15 17:43:07] [STAGE] Generating final metrics and figures
[VanillaTransformerModified] --- Shape & Fairness Analysis ---
[VanillaTransformerModified] Survivors -> Mean Risk: 0.16 (±0.16)
[VanillaTransformerModified] Deaths    -> Mean Risk: 0.36 (±0.20)
[VanillaTransformerModified] Decision Threshold (KDE Cross): -0.09
The best F1 score of 0.54 is reached at threshold 0.31
Brier score:  0.1289393647902032
[2026-09-15 17:43:09] [STAGE] Evaluating the independent holdout
✓ Model loaded: models/duplicates/isDeceased_lt_28d/target_col/24h_debut_rea_no-fill/Mode_Commonly_Used_Without_pmsi/VanillaTransformerModified/seed_42_temperature_scaling/fold_0.pt
  Device           : cuda:0
  Temperature T    : 0.9941
  Calibration bias : -1.6021
Predicting on 200 samples...
  Prediction statistics:
    - min  : 0.006279
    - max  : 0.811270
    - mean : 0.185914

============================================================
EVALUATION RESULTS (VANILLA TRANSFORMER)
============================================================
  Checkpoint    : fold_0.pt
  Device        : cuda:0
  Temperature T : 0.994144
  AUC-ROC       : 0.830156
  Brier Score   : 0.117107
  N test        : 200 / 200
============================================================

✓ Model loaded: models/duplicates/isDeceased_lt_28d/target_col/24h_debut_rea_no-fill/Mode_Commonly_Used_Without_pmsi/VanillaTransformerModified/seed_42_temperature_scaling/fold_1.pt
  Device           : cuda:0
  Temperature T    : 1.3861
  Calibration bias : -1.0891
Predicting on 200 samples...
  Prediction statistics:
    - min  : 0.028747
    - max  : 0.721535
    - mean : 0.234425

============================================================
EVALUATION RESULTS (VANILLA TRANSFORMER)
============================================================
  Checkpoint    : fold_1.pt
  Device        : cuda:0
  Temperature T : 1.386140
  AUC-ROC       : 0.792344
  Brier Score   : 0.127781
  N test        : 200 / 200
============================================================

✓ Model loaded: models/duplicates/isDeceased_lt_28d/target_col/24h_debut_rea_no-fill/Mode_Commonly_Used_Without_pmsi/VanillaTransformerModified/seed_42_temperature_scaling/fold_2.pt
  Device           : cuda:0
  Temperature T    : 1.6247
  Calibration bias : -1.1835
Predicting on 200 samples...
  Prediction statistics:
    - min  : 0.032649
    - max  : 0.668797
    - mean : 0.201269

============================================================
EVALUATION RESULTS (VANILLA TRANSFORMER)
============================================================
  Checkpoint    : fold_2.pt
  Device        : cuda:0
  Temperature T : 1.624671
  AUC-ROC       : 0.789844
  Brier Score   : 0.128291
  N test        : 200 / 200
============================================================

✓ Model loaded: models/duplicates/isDeceased_lt_28d/target_col/24h_debut_rea_no-fill/Mode_Commonly_Used_Without_pmsi/VanillaTransformerModified/seed_42_temperature_scaling/fold_3.pt
  Device           : cuda:0
  Temperature T    : 1.1927
  Calibration bias : -1.4262
Predicting on 200 samples...
  Prediction statistics:
    - min  : 0.030424
    - max  : 0.701887
    - mean : 0.205778

============================================================
EVALUATION RESULTS (VANILLA TRANSFORMER)
============================================================
  Checkpoint    : fold_3.pt
  Device        : cuda:0
  Temperature T : 1.192654
  AUC-ROC       : 0.800156
  Brier Score   : 0.123139
  N test        : 200 / 200
============================================================

✓ Model loaded: models/duplicates/isDeceased_lt_28d/target_col/24h_debut_rea_no-fill/Mode_Commonly_Used_Without_pmsi/VanillaTransformerModified/seed_42_temperature_scaling/fold_4.pt
  Device           : cuda:0
  Temperature T    : 1.0627
  Calibration bias : -1.5446
Predicting on 200 samples...
  Prediction statistics:
    - min  : 0.032045
    - max  : 0.710015
    - mean : 0.192731

============================================================
EVALUATION RESULTS (VANILLA TRANSFORMER)
============================================================
  Checkpoint    : fold_4.pt
  Device        : cuda:0
  Temperature T : 1.062714
  AUC-ROC       : 0.802969
  Brier Score   : 0.121672
  N test        : 200 / 200
============================================================

[VanillaTransformerModified] --- Shape & Fairness Analysis ---
[VanillaTransformerModified] Survivors -> Mean Risk: 0.16 (±0.13)
[VanillaTransformerModified] Deaths    -> Mean Risk: 0.37 (±0.19)
Warning: Unbalanced uncertainty! The model is less confident on one of the classes.
[VanillaTransformerModified] Decision Threshold (KDE Cross): -0.05
Brier score:  0.11939416173282798
The best F1 score of 0.56 is reached at threshold 0.23

==================== HOLDOUT BOOTSTRAP SUMMARY ====================
auc: 0.8192 [95% CI 0.7397, 0.8936]
auprc: 0.6101 [95% CI 0.4577, 0.7510]
brier: 0.1194 [95% CI 0.0927, 0.1461]
f1: 0.5287 [95% CI 0.3896, 0.6494]
mcc: 0.4009 [95% CI 0.2450, 0.5531]
calibration_slope: 1.3296 [95% CI 0.9433, 1.9305]
calibration_intercept: 0.3134 [95% CI -0.2632, 0.9294]
ici: 0.0503 [95% CI 0.0381, 0.1050]
e90: 0.2108 [95% CI 0.1191, 0.3876]
[COMPARISON] Model unavailable (skipped): LstmTimeModified
[COMPARISON] Model unavailable (skipped): RandomForest TSFEL
[COMPARISON] Model unavailable (skipped): XGBoost TSFEL
[COMPARISON] Model unavailable (skipped): SVC TSFEL
[COMPARISON] Model unavailable (skipped): Logistic Regression Lasso TSFEL
[COMPARISON] Model unavailable (skipped): IGS2
[COMPARISON] Loaded 1 models for comparison.
[COMPARISON] Generating comparative report...
[COMPARISON] Output directory: outputs/duplicates/isDeceased_lt_28d/target_col/24h_debut_rea_no-fill/Mode_Commonly_Used_Without_pmsi/Comparisons_All
[COMPARISON] Running generate_comparative_report...

!!! [EXPERIMENT 1/7] CRASHED !!!
Error encountered: module 'utilitaries.figures.comparison' has no attribute 'old_generate_comparative_report'

[STACKTRACE]
Traceback (most recent call last):
  File "/home/poette.m/mimic-validation/TSFE_methodologie/Clean_Build_Workpackages_Workflow/ICU_Models_Comparison.py", line 2976, in <module>
    comparison_figures.old_generate_comparative_report(
    ^^^^^^^^^^^^^^^^^^^^^^^^^^^^^^^^^^^^^^^^^^^^^^^^^^
AttributeError: module 'utilitaries.figures.comparison' has no attribute 'old_generate_comparative_report'. Did you mean: 'generate_comparative_report'?

!!!!!!!!!!!!!!!!!!!!!!!!!!!!!!!!!!!!!!!!!!!!!!!!!!!!!!!!!!!!!!!!!!!!!!!!!!!!!!!!!!!!!!!!!!

[2026-09-15 17:43:24] [STAGE] Experiment 1 failed (skipped)
[CONFIG] Optuna choices: (False,)

====================================================================================================
[EXPERIMENT 2/7] STARTED
  Model        : InceptionTimeModified
  Features     : Mode Commonly Used Without pmsi
  Balancing    : Aucune Méthode
  Optuna       : False
====================================================================================================
[2026-09-15 17:43:24] [STAGE] Creating the experiment configuration
[2026-09-15 17:43:24] [STAGE] Initializing hardware and parameters
Is CUDA available? True
Current device: 0
GPU name: NVIDIA GeForce RTX 3090
[2026-09-15 17:43:24] [STAGE] Loading and merging data
[2026-09-15 17:43:24] [STAGE] Preparing and cleaning the dataset
[WINDOWS FILTER] required_length=24, patients before filter=1000, patients retained=1000
Number of features sent to InceptionTimeModified : 35 : ['score_glasgow', 'is_conscious', 'heart_rate', 'creat', 'is_cvvhf', 'is_hdi', 'pao2', 'is_ventilated', 'fio2_corr', 'age', 'temp', 'pas', 'pam', 'pad', 'bili_tot', 'leucocytes', 'fr', 'ph', 'sodium', 'potassium', 'num_plq', 'blood_urea', 'nad_dose_poids', 'hemoglobine', 'tp', 'spo2', 'hco3', 'glyc_cap', 'admission_type_DIRECT EMER.', 'admission_type_ELECTIVE', 'admission_type_EU OBSERVATION', 'admission_type_EW EMER.', 'admission_type_OBSERVATION ADMIT', 'admission_type_SURGICAL SAME DAY ADMISSION', 'admission_type_URGENT']
[2026-09-15 17:43:24] [STAGE] Preparing model data and the initial holdout
[2026-09-15 17:43:24] [STAGE] Building and preprocessing the 5 folds

[TIME PIPELINE] extraction_type='time' detected for InceptionTimeModified. Setting train_init_df rows=19200, holdout_init_df rows=4800
[TIME PIPELINE] X (train_init_df) type=DataFrame, y shape=(19200,), groups shape=(19200,)

─────────────────── Processing Fold 1/5 ───────────────────
[TIME PIPELINE] Fold 1: train_idx length=15360, validation_idx length=3840
[TIME PIPELINE] Fold 1: Calling preproc.process_time_fold...
[TIME PIPELINE] Fold 1: process_time_fold returned. x_train shape=(640, 24, 35), x_val shape=(160, 24, 35), x_holdout shape=(200, 24, 35), y_train positives=128/640

─────────────────── Processing Fold 2/5 ───────────────────
[TIME PIPELINE] Fold 2: train_idx length=15360, validation_idx length=3840
[TIME PIPELINE] Fold 2: Calling preproc.process_time_fold...
[TIME PIPELINE] Fold 2: process_time_fold returned. x_train shape=(640, 24, 35), x_val shape=(160, 24, 35), x_holdout shape=(200, 24, 35), y_train positives=128/640

─────────────────── Processing Fold 3/5 ───────────────────
[TIME PIPELINE] Fold 3: train_idx length=15360, validation_idx length=3840
[TIME PIPELINE] Fold 3: Calling preproc.process_time_fold...
[TIME PIPELINE] Fold 3: process_time_fold returned. x_train shape=(640, 24, 35), x_val shape=(160, 24, 35), x_holdout shape=(200, 24, 35), y_train positives=128/640

─────────────────── Processing Fold 4/5 ───────────────────
[TIME PIPELINE] Fold 4: train_idx length=15360, validation_idx length=3840
[TIME PIPELINE] Fold 4: Calling preproc.process_time_fold...
[TIME PIPELINE] Fold 4: process_time_fold returned. x_train shape=(640, 24, 35), x_val shape=(160, 24, 35), x_holdout shape=(200, 24, 35), y_train positives=128/640

─────────────────── Processing Fold 5/5 ───────────────────
[TIME PIPELINE] Fold 5: train_idx length=15360, validation_idx length=3840
[TIME PIPELINE] Fold 5: Calling preproc.process_time_fold...
[TIME PIPELINE] Fold 5: process_time_fold returned. x_train shape=(640, 24, 35), x_val shape=(160, 24, 35), x_holdout shape=(200, 24, 35), y_train positives=128/640
All 5 folds were computed successfully!
[2026-09-15 17:43:26] [STAGE] Preparing training
Training started
--> Applied parameters: {'epochs': 150, 'patience': 20, 'lr': 0.001, 'num_blocks': 4, 'out_channels': 32, 'bottleneck_channels': 16, 'kernel_sizes': 11, 'batch_size': 64}

[2026-09-15 17:43:26] [STAGE] Training fold 1/5

─────────────────── Training Fold 1/5 ───────────────────
--> Previously trained model found at models/duplicates/isDeceased_lt_28d/target_col/24h_debut_rea_no-fill/Mode_Commonly_Used_Without_pmsi/InceptionTimeModified/seed_42_temperature_scaling/fold_0.pt. Skipping to the next fold.
[2026-09-15 17:43:26] [STAGE] Training fold 2/5

─────────────────── Training Fold 2/5 ───────────────────
--> Previously trained model found at models/duplicates/isDeceased_lt_28d/target_col/24h_debut_rea_no-fill/Mode_Commonly_Used_Without_pmsi/InceptionTimeModified/seed_42_temperature_scaling/fold_1.pt. Skipping to the next fold.
[2026-09-15 17:43:26] [STAGE] Training fold 3/5

─────────────────── Training Fold 3/5 ───────────────────
--> Previously trained model found at models/duplicates/isDeceased_lt_28d/target_col/24h_debut_rea_no-fill/Mode_Commonly_Used_Without_pmsi/InceptionTimeModified/seed_42_temperature_scaling/fold_2.pt. Skipping to the next fold.
[2026-09-15 17:43:26] [STAGE] Training fold 4/5

─────────────────── Training Fold 4/5 ───────────────────
--> Previously trained model found at models/duplicates/isDeceased_lt_28d/target_col/24h_debut_rea_no-fill/Mode_Commonly_Used_Without_pmsi/InceptionTimeModified/seed_42_temperature_scaling/fold_3.pt. Skipping to the next fold.
[2026-09-15 17:43:26] [STAGE] Training fold 5/5

─────────────────── Training Fold 5/5 ───────────────────
--> Previously trained model found at models/duplicates/isDeceased_lt_28d/target_col/24h_debut_rea_no-fill/Mode_Commonly_Used_Without_pmsi/InceptionTimeModified/seed_42_temperature_scaling/fold_4.pt. Skipping to the next fold.
Cross-validation completed successfully. Five models were saved.
Output directory ready: outputs/duplicates/isDeceased_lt_28d/target_col/24h_debut_rea_no-fill/Mode_Commonly_Used_Without_pmsi/InceptionTimeModified/seed_42_temperature_scaling
Non-blocking error: the learning curve could not be saved because it already exists.
[2026-09-15 17:43:26] [STAGE] Evaluating the 5 folds
[2026-09-15 17:43:26] [STAGE] Evaluating fold 1/5

─────────────────── Evaluating Fold 1/5 ───────────────────
Loaded model: models/duplicates/isDeceased_lt_28d/target_col/24h_debut_rea_no-fill/Mode_Commonly_Used_Without_pmsi/InceptionTimeModified/seed_42_temperature_scaling/fold_0.pt
✓ Model loaded: models/duplicates/isDeceased_lt_28d/target_col/24h_debut_rea_no-fill/Mode_Commonly_Used_Without_pmsi/InceptionTimeModified/seed_42_temperature_scaling/fold_0.pt
  Device        : cuda:0
  Temperature T : 1.1972
  Calibration bias : -1.2311
Predicting 160 examples...
  Prediction statistics :
    - min  : 0.033456
    - max  : 0.606889
    - mean : 0.200031
    - NaN  : 0
    - Inf  : 0
  Exemples valides : 160 / 160

============================================================
EVALUATION RESULTS
============================================================
  Checkpoint    : fold_0.pt
  Device        : cuda:0
  Temperature T : 1.197159
  AUC-ROC       : 0.838867
  Brier Score   : 0.113860
  N test        : 160 / 160
============================================================

[FOLD 1] AUC=0.8389, AUPRC=0.5085, Brier=0.1139, ICI=0.0564
[2026-09-15 17:43:26] [STAGE] Evaluating fold 2/5

─────────────────── Evaluating Fold 2/5 ───────────────────
Loaded model: models/duplicates/isDeceased_lt_28d/target_col/24h_debut_rea_no-fill/Mode_Commonly_Used_Without_pmsi/InceptionTimeModified/seed_42_temperature_scaling/fold_1.pt
✓ Model loaded: models/duplicates/isDeceased_lt_28d/target_col/24h_debut_rea_no-fill/Mode_Commonly_Used_Without_pmsi/InceptionTimeModified/seed_42_temperature_scaling/fold_1.pt
  Device        : cuda:0
  Temperature T : 1.2075
  Calibration bias : -1.0523
Predicting 160 examples...
  Prediction statistics :
    - min  : 0.050484
    - max  : 0.636414
    - mean : 0.200061
    - NaN  : 0
    - Inf  : 0
  Exemples valides : 160 / 160

============================================================
EVALUATION RESULTS
============================================================
  Checkpoint    : fold_1.pt
  Device        : cuda:0
  Temperature T : 1.207539
  AUC-ROC       : 0.804932
  Brier Score   : 0.124089
  N test        : 160 / 160
============================================================

[FOLD 2] AUC=0.8049, AUPRC=0.5087, Brier=0.1241, ICI=0.0399
[2026-09-15 17:43:26] [STAGE] Evaluating fold 3/5

─────────────────── Evaluating Fold 3/5 ───────────────────
Loaded model: models/duplicates/isDeceased_lt_28d/target_col/24h_debut_rea_no-fill/Mode_Commonly_Used_Without_pmsi/InceptionTimeModified/seed_42_temperature_scaling/fold_2.pt
✓ Model loaded: models/duplicates/isDeceased_lt_28d/target_col/24h_debut_rea_no-fill/Mode_Commonly_Used_Without_pmsi/InceptionTimeModified/seed_42_temperature_scaling/fold_2.pt
  Device        : cuda:0
  Temperature T : 1.2180
  Calibration bias : -1.2937
Predicting 160 examples...
  Prediction statistics :
    - min  : 0.103163
    - max  : 0.334063
    - mean : 0.200034
    - NaN  : 0
    - Inf  : 0
  Exemples valides : 160 / 160

============================================================
EVALUATION RESULTS
============================================================
  Checkpoint    : fold_2.pt
  Device        : cuda:0
  Temperature T : 1.218015
  AUC-ROC       : 0.700928
  Brier Score   : 0.151764
  N test        : 160 / 160
============================================================

[FOLD 3] AUC=0.7009, AUPRC=0.2943, Brier=0.1518, ICI=0.0346
[2026-09-15 17:43:26] [STAGE] Evaluating fold 4/5

─────────────────── Evaluating Fold 4/5 ───────────────────
Loaded model: models/duplicates/isDeceased_lt_28d/target_col/24h_debut_rea_no-fill/Mode_Commonly_Used_Without_pmsi/InceptionTimeModified/seed_42_temperature_scaling/fold_3.pt
✓ Model loaded: models/duplicates/isDeceased_lt_28d/target_col/24h_debut_rea_no-fill/Mode_Commonly_Used_Without_pmsi/InceptionTimeModified/seed_42_temperature_scaling/fold_3.pt
  Device        : cuda:0
  Temperature T : 1.0770
  Calibration bias : -1.1923
Predicting 160 examples...
  Prediction statistics :
    - min  : 0.039988
    - max  : 0.428059
    - mean : 0.200066
    - NaN  : 0
    - Inf  : 0
  Exemples valides : 160 / 160

============================================================
EVALUATION RESULTS
============================================================
  Checkpoint    : fold_3.pt
  Device        : cuda:0
  Temperature T : 1.077041
  AUC-ROC       : 0.730469
  Brier Score   : 0.136822
  N test        : 160 / 160
============================================================

[FOLD 4] AUC=0.7305, AUPRC=0.3302, Brier=0.1368, ICI=0.0276
[2026-09-15 17:43:26] [STAGE] Evaluating fold 5/5

─────────────────── Evaluating Fold 5/5 ───────────────────
Loaded model: models/duplicates/isDeceased_lt_28d/target_col/24h_debut_rea_no-fill/Mode_Commonly_Used_Without_pmsi/InceptionTimeModified/seed_42_temperature_scaling/fold_4.pt
✓ Model loaded: models/duplicates/isDeceased_lt_28d/target_col/24h_debut_rea_no-fill/Mode_Commonly_Used_Without_pmsi/InceptionTimeModified/seed_42_temperature_scaling/fold_4.pt
  Device        : cuda:0
  Temperature T : 0.9426
  Calibration bias : -1.7126
Predicting 160 examples...
  Prediction statistics :
    - min  : 0.042571
    - max  : 0.365217
    - mean : 0.199976
    - NaN  : 0
    - Inf  : 0
  Exemples valides : 160 / 160

============================================================
EVALUATION RESULTS
============================================================
  Checkpoint    : fold_4.pt
  Device        : cuda:0
  Temperature T : 0.942587
  AUC-ROC       : 0.772949
  Brier Score   : 0.141108
  N test        : 160 / 160
============================================================

[FOLD 5] AUC=0.7729, AUPRC=0.4178, Brier=0.1411, ICI=0.0346

==================== FOLD METRICS SUMMARY ====================
auc: 0.7696 (± 0.0555)
auprc: 0.4119 (± 0.0990)
f1_score: 0.5458 (± 0.0526)
mcc: 0.4280 (± 0.0634)
best_threshold: 0.3057 (± 0.1417)
brier: 0.1335 (± 0.0148)
calibration_intercept: 0.0011 (± 0.0009)
calibration_slope: 1.0012 (± 0.0006)
ici: 0.0386 (± 0.0109)
e90: 0.1607 (± 0.1401)

==================== GLOBAL CROSS-VALIDATION SUMMARY ====================
===============================================================================

Generating the pooled out-of-fold calibration curve...
[2026-09-15 17:43:26] [STAGE] Generating final metrics and figures
[InceptionTimeModified] --- Shape & Fairness Analysis ---
[InceptionTimeModified] Survivors -> Mean Risk: 0.17 (±0.15)
[InceptionTimeModified] Deaths    -> Mean Risk: 0.33 (±0.16)
[InceptionTimeModified] Decision Threshold (KDE Cross): -0.07
The best F1 score of 0.51 is reached at threshold 0.18
Brier score:  0.13352847288493408
[2026-09-15 17:43:28] [STAGE] Evaluating the independent holdout
✓ Model loaded: models/duplicates/isDeceased_lt_28d/target_col/24h_debut_rea_no-fill/Mode_Commonly_Used_Without_pmsi/InceptionTimeModified/seed_42_temperature_scaling/fold_0.pt
  Device        : cuda:0
  Temperature T : 1.1972
  Calibration bias : -1.2311
Predicting 200 examples...
  Prediction statistics :
    - min  : 0.032867
    - max  : 0.615651
    - mean : 0.199420
    - NaN  : 0
    - Inf  : 0
  Exemples valides : 200 / 200

============================================================
EVALUATION RESULTS
============================================================
  Checkpoint    : fold_0.pt
  Device        : cuda:0
  Temperature T : 1.197159
  AUC-ROC       : 0.742344
  Brier Score   : 0.140844
  N test        : 200 / 200
============================================================

✓ Model loaded: models/duplicates/isDeceased_lt_28d/target_col/24h_debut_rea_no-fill/Mode_Commonly_Used_Without_pmsi/InceptionTimeModified/seed_42_temperature_scaling/fold_1.pt
  Device        : cuda:0
  Temperature T : 1.2075
  Calibration bias : -1.0523
Predicting 200 examples...
  Prediction statistics :
    - min  : 0.050899
    - max  : 0.657294
    - mean : 0.217404
    - NaN  : 0
    - Inf  : 0
  Exemples valides : 200 / 200

============================================================
EVALUATION RESULTS
============================================================
  Checkpoint    : fold_1.pt
  Device        : cuda:0
  Temperature T : 1.207539
  AUC-ROC       : 0.808906
  Brier Score   : 0.119430
  N test        : 200 / 200
============================================================

✓ Model loaded: models/duplicates/isDeceased_lt_28d/target_col/24h_debut_rea_no-fill/Mode_Commonly_Used_Without_pmsi/InceptionTimeModified/seed_42_temperature_scaling/fold_2.pt
  Device        : cuda:0
  Temperature T : 1.2180
  Calibration bias : -1.2937
Predicting 200 examples...
  Prediction statistics :
    - min  : 0.103341
    - max  : 0.334942
    - mean : 0.208524
    - NaN  : 0
    - Inf  : 0
  Exemples valides : 200 / 200

============================================================
EVALUATION RESULTS
============================================================
  Checkpoint    : fold_2.pt
  Device        : cuda:0
  Temperature T : 1.218015
  AUC-ROC       : 0.741875
  Brier Score   : 0.146132
  N test        : 200 / 200
============================================================

✓ Model loaded: models/duplicates/isDeceased_lt_28d/target_col/24h_debut_rea_no-fill/Mode_Commonly_Used_Without_pmsi/InceptionTimeModified/seed_42_temperature_scaling/fold_3.pt
  Device        : cuda:0
  Temperature T : 1.0770
  Calibration bias : -1.1923
Predicting 200 examples...
  Prediction statistics :
    - min  : 0.038757
    - max  : 0.432493
    - mean : 0.218064
    - NaN  : 0
    - Inf  : 0
  Exemples valides : 200 / 200

============================================================
EVALUATION RESULTS
============================================================
  Checkpoint    : fold_3.pt
  Device        : cuda:0
  Temperature T : 1.077041
  AUC-ROC       : 0.711719
  Brier Score   : 0.148984
  N test        : 200 / 200
============================================================

✓ Model loaded: models/duplicates/isDeceased_lt_28d/target_col/24h_debut_rea_no-fill/Mode_Commonly_Used_Without_pmsi/InceptionTimeModified/seed_42_temperature_scaling/fold_4.pt
  Device        : cuda:0
  Temperature T : 0.9426
  Calibration bias : -1.7126
Predicting 200 examples...
  Prediction statistics :
    - min  : 0.042644
    - max  : 0.364189
    - mean : 0.193063
    - NaN  : 0
    - Inf  : 0
  Exemples valides : 200 / 200

============================================================
EVALUATION RESULTS
============================================================
  Checkpoint    : fold_4.pt
  Device        : cuda:0
  Temperature T : 0.942587
  AUC-ROC       : 0.766875
  Brier Score   : 0.140839
  N test        : 200 / 200
============================================================

[InceptionTimeModified] --- Shape & Fairness Analysis ---
[InceptionTimeModified] Survivors -> Mean Risk: 0.18 (±0.12)
[InceptionTimeModified] Deaths    -> Mean Risk: 0.33 (±0.11)
[InceptionTimeModified] Decision Threshold (KDE Cross): -0.08
Brier score:  0.12923954092730194
The best F1 score of 0.58 is reached at threshold 0.28

==================== HOLDOUT BOOTSTRAP SUMMARY ====================
auc: 0.8102 [95% CI 0.7327, 0.8818]
auprc: 0.5694 [95% CI 0.4175, 0.7231]
brier: 0.1292 [95% CI 0.1033, 0.1546]
f1: 0.4857 [95% CI 0.3801, 0.5827]
mcc: 0.3500 [95% CI 0.2332, 0.4640]
calibration_slope: 1.5531 [95% CI 1.0214, 2.4897]
calibration_intercept: 0.5191 [95% CI -0.1641, 1.3116]
ici: 0.0407 [95% CI 0.0290, 0.1014]
e90: 0.0978 [95% CI 0.0529, 0.2533]
[COMPARISON] Model unavailable (skipped): LstmTimeModified
[COMPARISON] Model unavailable (skipped): RandomForest TSFEL
[COMPARISON] Model unavailable (skipped): XGBoost TSFEL
[COMPARISON] Model unavailable (skipped): SVC TSFEL
[COMPARISON] Model unavailable (skipped): Logistic Regression Lasso TSFEL
[COMPARISON] Model unavailable (skipped): IGS2
[COMPARISON] Loaded 1 models for comparison.
[COMPARISON] Generating comparative report...
[COMPARISON] Output directory: outputs/duplicates/isDeceased_lt_28d/target_col/24h_debut_rea_no-fill/Mode_Commonly_Used_Without_pmsi/Comparisons_All
[COMPARISON] Running generate_comparative_report...

!!! [EXPERIMENT 2/7] CRASHED !!!
Error encountered: module 'utilitaries.figures.comparison' has no attribute 'old_generate_comparative_report'

[STACKTRACE]
Traceback (most recent call last):
  File "/home/poette.m/mimic-validation/TSFE_methodologie/Clean_Build_Workpackages_Workflow/ICU_Models_Comparison.py", line 2976, in <module>
    comparison_figures.old_generate_comparative_report(
    ^^^^^^^^^^^^^^^^^^^^^^^^^^^^^^^^^^^^^^^^^^^^^^^^^^
AttributeError: module 'utilitaries.figures.comparison' has no attribute 'old_generate_comparative_report'. Did you mean: 'generate_comparative_report'?

!!!!!!!!!!!!!!!!!!!!!!!!!!!!!!!!!!!!!!!!!!!!!!!!!!!!!!!!!!!!!!!!!!!!!!!!!!!!!!!!!!!!!!!!!!

[2026-09-15 17:43:43] [STAGE] Experiment 2 failed (skipped)
[CONFIG] Optuna choices: (False,)

====================================================================================================
[EXPERIMENT 3/7] STARTED
  Model        : XGBoost TSFEL
  Features     : Mode Commonly Used Without pmsi
  Balancing    : Aucune Méthode
  Optuna       : False
====================================================================================================
[2026-09-15 17:43:43] [STAGE] Creating the experiment configuration
[2026-09-15 17:43:43] [STAGE] Initializing hardware and parameters
Is CUDA available? True
Current device: 0
GPU name: NVIDIA GeForce RTX 3090
[2026-09-15 17:43:43] [STAGE] Loading and merging data
[2026-09-15 17:43:43] [STAGE] Preparing and cleaning the dataset
[WINDOWS FILTER] required_length=24, patients before filter=1000, patients retained=1000
Number of features sent to XGBoost TSFEL : 35 : ['score_glasgow', 'is_conscious', 'heart_rate', 'creat', 'is_cvvhf', 'is_hdi', 'pao2', 'is_ventilated', 'fio2_corr', 'age', 'temp', 'pas', 'pam', 'pad', 'bili_tot', 'leucocytes', 'fr', 'ph', 'sodium', 'potassium', 'num_plq', 'blood_urea', 'nad_dose_poids', 'hemoglobine', 'tp', 'spo2', 'hco3', 'glyc_cap', 'admission_type_DIRECT EMER.', 'admission_type_ELECTIVE', 'admission_type_EU OBSERVATION', 'admission_type_EW EMER.', 'admission_type_OBSERVATION ADMIT', 'admission_type_SURGICAL SAME DAY ADMISSION', 'admission_type_URGENT']
[2026-09-15 17:43:43] [STAGE] Preparing model data and the initial holdout
Starting global TSFEL extraction for all patients
Parallel TSFEL extraction:   0%|          | 0/1000 [00:00<?, ?patient/s]Parallel TSFEL extraction:   2%|▏         | 16/1000 [00:02<02:24,  6.82patient/s]Parallel TSFEL extraction:   2%|▏         | 24/1000 [00:03<02:07,  7.63patient/s]Parallel TSFEL extraction:   3%|▎         | 32/1000 [00:04<01:58,  8.19patient/s]Parallel TSFEL extraction:   4%|▍         | 40/1000 [00:04<01:51,  8.57patient/s]Parallel TSFEL extraction:   5%|▍         | 48/1000 [00:05<01:48,  8.79patient/s]Parallel TSFEL extraction:   6%|▌         | 56/1000 [00:06<01:45,  8.96patient/s]Parallel TSFEL extraction:   6%|▋         | 64/1000 [00:07<01:43,  9.07patient/s]Parallel TSFEL extraction:   7%|▋         | 72/1000 [00:08<01:41,  9.15patient/s]Parallel TSFEL extraction:   8%|▊         | 80/1000 [00:09<01:40,  9.13patient/s]Parallel TSFEL extraction:   9%|▉         | 88/1000 [00:10<01:39,  9.16patient/s]Parallel TSFEL extraction:  10%|▉         | 96/1000 [00:10<01:38,  9.19patient/s]Parallel TSFEL extraction:  10%|█         | 104/1000 [00:11<01:37,  9.21patient/s]Parallel TSFEL extraction:  11%|█         | 112/1000 [00:12<01:36,  9.23patient/s]Parallel TSFEL extraction:  12%|█▏        | 120/1000 [00:13<01:32,  9.48patient/s]Parallel TSFEL extraction:  13%|█▎        | 128/1000 [00:14<01:33,  9.35patient/s]Parallel TSFEL extraction:  14%|█▎        | 136/1000 [00:15<01:33,  9.27patient/s]Parallel TSFEL extraction:  14%|█▍        | 144/1000 [00:16<01:32,  9.27patient/s]Parallel TSFEL extraction:  15%|█▌        | 152/1000 [00:16<01:31,  9.25patient/s]Parallel TSFEL extraction:  16%|█▌        | 160/1000 [00:17<01:30,  9.26patient/s]Parallel TSFEL extraction:  17%|█▋        | 168/1000 [00:18<01:29,  9.28patient/s]Parallel TSFEL extraction:  18%|█▊        | 176/1000 [00:19<01:28,  9.30patient/s]Parallel TSFEL extraction:  18%|█▊        | 184/1000 [00:20<01:27,  9.30patient/s]Parallel TSFEL extraction:  19%|█▉        | 192/1000 [00:21<01:26,  9.33patient/s]Parallel TSFEL extraction:  20%|██        | 200/1000 [00:22<01:25,  9.35patient/s]Parallel TSFEL extraction:  21%|██        | 208/1000 [00:22<01:24,  9.35patient/s]Parallel TSFEL extraction:  22%|██▏       | 216/1000 [00:23<01:21,  9.58patient/s]Parallel TSFEL extraction:  22%|██▏       | 224/1000 [00:24<01:21,  9.53patient/s]Parallel TSFEL extraction:  23%|██▎       | 232/1000 [00:25<01:21,  9.45patient/s]Parallel TSFEL extraction:  24%|██▍       | 240/1000 [00:26<01:20,  9.43patient/s]Parallel TSFEL extraction:  25%|██▍       | 248/1000 [00:27<01:20,  9.38patient/s]Parallel TSFEL extraction:  26%|██▌       | 256/1000 [00:28<01:19,  9.39patient/s]Parallel TSFEL extraction:  26%|██▋       | 264/1000 [00:28<01:18,  9.39patient/s]Parallel TSFEL extraction:  27%|██▋       | 272/1000 [00:29<01:17,  9.34patient/s]Parallel TSFEL extraction:  28%|██▊       | 280/1000 [00:30<01:17,  9.32patient/s]Parallel TSFEL extraction:  29%|██▉       | 288/1000 [00:31<01:16,  9.32patient/s]Parallel TSFEL extraction:  30%|██▉       | 296/1000 [00:32<01:15,  9.29patient/s]Parallel TSFEL extraction:  30%|███       | 304/1000 [00:33<01:14,  9.31patient/s]Parallel TSFEL extraction:  31%|███       | 312/1000 [00:34<01:12,  9.49patient/s]Parallel TSFEL extraction:  32%|███▏      | 320/1000 [00:34<01:12,  9.44patient/s]Parallel TSFEL extraction:  33%|███▎      | 328/1000 [00:35<01:11,  9.42patient/s]Parallel TSFEL extraction:  34%|███▎      | 336/1000 [00:36<01:10,  9.39patient/s]Parallel TSFEL extraction:  34%|███▍      | 344/1000 [00:37<01:10,  9.34patient/s]Parallel TSFEL extraction:  35%|███▌      | 352/1000 [00:38<01:09,  9.33patient/s]Parallel TSFEL extraction:  36%|███▌      | 360/1000 [00:39<01:09,  9.26patient/s]Parallel TSFEL extraction:  37%|███▋      | 368/1000 [00:40<01:08,  9.26patient/s]Parallel TSFEL extraction:  38%|███▊      | 376/1000 [00:40<01:07,  9.26patient/s]Parallel TSFEL extraction:  38%|███▊      | 384/1000 [00:41<01:06,  9.27patient/s]Parallel TSFEL extraction:  39%|███▉      | 392/1000 [00:42<01:05,  9.27patient/s]Parallel TSFEL extraction:  40%|████      | 400/1000 [00:43<01:04,  9.26patient/s]Parallel TSFEL extraction:  41%|████      | 408/1000 [00:44<01:03,  9.27patient/s]Parallel TSFEL extraction:  42%|████▏     | 416/1000 [00:45<01:01,  9.46patient/s]Parallel TSFEL extraction:  42%|████▏     | 424/1000 [00:46<01:01,  9.36patient/s]Parallel TSFEL extraction:  43%|████▎     | 432/1000 [00:46<01:01,  9.30patient/s]Parallel TSFEL extraction:  44%|████▍     | 440/1000 [00:47<01:00,  9.26patient/s]Parallel TSFEL extraction:  45%|████▍     | 448/1000 [00:48<00:59,  9.23patient/s]Parallel TSFEL extraction:  46%|████▌     | 456/1000 [00:49<00:59,  9.21patient/s]Parallel TSFEL extraction:  46%|████▋     | 464/1000 [00:50<00:58,  9.16patient/s]Parallel TSFEL extraction:  47%|████▋     | 472/1000 [00:51<00:57,  9.13patient/s]Parallel TSFEL extraction:  48%|████▊     | 480/1000 [00:52<00:57,  9.09patient/s]Parallel TSFEL extraction:  49%|████▉     | 488/1000 [00:53<00:56,  9.11patient/s]Parallel TSFEL extraction:  50%|████▉     | 496/1000 [00:53<00:55,  9.13patient/s]Parallel TSFEL extraction:  50%|█████     | 504/1000 [00:54<00:54,  9.14patient/s]Parallel TSFEL extraction:  51%|█████     | 512/1000 [00:55<00:52,  9.36patient/s]Parallel TSFEL extraction:  52%|█████▏    | 520/1000 [00:56<00:51,  9.31patient/s]Parallel TSFEL extraction:  53%|█████▎    | 528/1000 [00:57<00:51,  9.24patient/s]Parallel TSFEL extraction:  54%|█████▎    | 536/1000 [00:58<00:50,  9.17patient/s]Parallel TSFEL extraction:  54%|█████▍    | 544/1000 [00:59<00:49,  9.16patient/s]Parallel TSFEL extraction:  55%|█████▌    | 552/1000 [01:00<00:48,  9.16patient/s]Parallel TSFEL extraction:  56%|█████▌    | 560/1000 [01:00<00:48,  9.12patient/s]Parallel TSFEL extraction:  57%|█████▋    | 568/1000 [01:01<00:47,  9.11patient/s]Parallel TSFEL extraction:  58%|█████▊    | 576/1000 [01:02<00:46,  9.10patient/s]Parallel TSFEL extraction:  58%|█████▊    | 584/1000 [01:03<00:45,  9.12patient/s]Parallel TSFEL extraction:  59%|█████▉    | 592/1000 [01:04<00:44,  9.14patient/s]Parallel TSFEL extraction:  60%|██████    | 600/1000 [01:05<00:43,  9.21patient/s]Parallel TSFEL extraction:  61%|██████    | 608/1000 [01:06<00:41,  9.39patient/s]Parallel TSFEL extraction:  62%|██████▏   | 616/1000 [01:06<00:41,  9.36patient/s]Parallel TSFEL extraction:  62%|██████▏   | 624/1000 [01:07<00:40,  9.26patient/s]Parallel TSFEL extraction:  63%|██████▎   | 632/1000 [01:08<00:39,  9.22patient/s]Parallel TSFEL extraction:  64%|██████▍   | 640/1000 [01:09<00:39,  9.19patient/s]Parallel TSFEL extraction:  65%|██████▍   | 648/1000 [01:10<00:38,  9.17patient/s]Parallel TSFEL extraction:  66%|██████▌   | 656/1000 [01:11<00:37,  9.15patient/s]Parallel TSFEL extraction:  66%|██████▋   | 664/1000 [01:12<00:36,  9.13patient/s]Parallel TSFEL extraction:  67%|██████▋   | 672/1000 [01:13<00:35,  9.12patient/s]Parallel TSFEL extraction:  68%|██████▊   | 680/1000 [01:13<00:34,  9.15patient/s]Parallel TSFEL extraction:  69%|██████▉   | 688/1000 [01:14<00:34,  9.14patient/s]Parallel TSFEL extraction:  70%|██████▉   | 696/1000 [01:15<00:33,  9.15patient/s]Parallel TSFEL extraction:  70%|███████   | 704/1000 [01:16<00:31,  9.37patient/s]Parallel TSFEL extraction:  71%|███████   | 712/1000 [01:17<00:30,  9.33patient/s]Parallel TSFEL extraction:  72%|███████▏  | 720/1000 [01:18<00:30,  9.27patient/s]Parallel TSFEL extraction:  73%|███████▎  | 728/1000 [01:19<00:29,  9.24patient/s]Parallel TSFEL extraction:  74%|███████▎  | 736/1000 [01:19<00:28,  9.21patient/s]Parallel TSFEL extraction:  74%|███████▍  | 744/1000 [01:20<00:27,  9.18patient/s]Parallel TSFEL extraction:  75%|███████▌  | 752/1000 [01:21<00:27,  9.17patient/s]Parallel TSFEL extraction:  76%|███████▌  | 760/1000 [01:22<00:26,  9.15patient/s]Parallel TSFEL extraction:  77%|███████▋  | 768/1000 [01:23<00:25,  9.11patient/s]Parallel TSFEL extraction:  78%|███████▊  | 776/1000 [01:24<00:24,  9.10patient/s]Parallel TSFEL extraction:  78%|███████▊  | 784/1000 [01:25<00:23,  9.11patient/s]Parallel TSFEL extraction:  79%|███████▉  | 792/1000 [01:26<00:22,  9.13patient/s]Parallel TSFEL extraction:  80%|████████  | 800/1000 [01:26<00:21,  9.36patient/s]Parallel TSFEL extraction:  81%|████████  | 808/1000 [01:27<00:20,  9.26patient/s]Parallel TSFEL extraction:  82%|████████▏ | 816/1000 [01:28<00:19,  9.24patient/s]Parallel TSFEL extraction:  82%|████████▏ | 824/1000 [01:29<00:19,  9.22patient/s]Parallel TSFEL extraction:  83%|████████▎ | 832/1000 [01:30<00:18,  9.19patient/s]Parallel TSFEL extraction:  84%|████████▍ | 840/1000 [01:31<00:17,  9.13patient/s]Parallel TSFEL extraction:  85%|████████▍ | 848/1000 [01:32<00:16,  9.10patient/s]Parallel TSFEL extraction:  86%|████████▌ | 856/1000 [01:33<00:15,  9.10patient/s]Parallel TSFEL extraction:  86%|████████▋ | 864/1000 [01:33<00:14,  9.11patient/s]Parallel TSFEL extraction:  87%|████████▋ | 872/1000 [01:34<00:14,  9.11patient/s]Parallel TSFEL extraction:  88%|████████▊ | 880/1000 [01:35<00:13,  9.12patient/s]Parallel TSFEL extraction:  89%|████████▉ | 888/1000 [01:36<00:12,  9.13patient/s]Parallel TSFEL extraction:  90%|████████▉ | 896/1000 [01:37<00:11,  9.37patient/s]Parallel TSFEL extraction:  90%|█████████ | 904/1000 [01:38<00:10,  9.32patient/s]Parallel TSFEL extraction:  91%|█████████ | 912/1000 [01:39<00:09,  9.27patient/s]Parallel TSFEL extraction:  92%|█████████▏| 920/1000 [01:40<00:08,  9.24patient/s]Parallel TSFEL extraction:  93%|█████████▎| 928/1000 [01:40<00:07,  9.19patient/s]Parallel TSFEL extraction:  94%|█████████▎| 936/1000 [01:41<00:06,  9.18patient/s]Parallel TSFEL extraction:  94%|█████████▍| 944/1000 [01:42<00:06,  9.13patient/s]Parallel TSFEL extraction:  95%|█████████▌| 952/1000 [01:43<00:05,  9.13patient/s]Parallel TSFEL extraction:  96%|█████████▌| 960/1000 [01:44<00:04,  9.07patient/s]Parallel TSFEL extraction:  97%|█████████▋| 968/1000 [01:45<00:03,  9.10patient/s]Parallel TSFEL extraction:  98%|█████████▊| 976/1000 [01:46<00:02,  9.10patient/s]Parallel TSFEL extraction:  98%|█████████▊| 984/1000 [01:46<00:01,  9.37patient/s]Parallel TSFEL extraction:  99%|█████████▉| 992/1000 [01:47<00:00,  9.32patient/s]Parallel TSFEL extraction: 100%|██████████| 1000/1000 [01:48<00:00,  9.29patient/s]Parallel TSFEL extraction: 100%|██████████| 1000/1000 [01:48<00:00,  9.20patient/s]
Global extraction saved
inputs/duplicates/isDeceased_lt_28d/target_col/24h_debut_rea_no-fill/Mode_Commonly_Used_Without_pmsi/tsfel_boruta/train/balanced_seed_42/fold_0.parquet inputs/duplicates/isDeceased_lt_28d/target_col/24h_debut_rea_no-fill/Mode_Commonly_Used_Without_pmsi/tsfel_boruta/test/balanced_seed_42/fold_0.parquet True
[2026-09-15 17:45:35] [STAGE] Building and preprocessing the 5 folds
[2026-09-15 17:45:35] [STAGE] Computing optimal correlation threshold
Testing correlation thresholds:   0%|          | 0/19 [00:00<?, ?threshold/s]Testing correlation thresholds: 100%|██████████| 19/19 [00:00<00:00, 186.20threshold/s]Testing correlation thresholds: 100%|██████████| 19/19 [00:00<00:00, 185.84threshold/s]
Optimal correlation threshold computed and saved: 0.7000
[2026-09-15 17:45:59] [STAGE] Rendering correlation maps and static synthesis
[2026-09-15 17:46:11] [STAGE] Applying global correlation/variance filtering
[CORR/VAR GLOBAL] 3233 -> 648 features after filtering.
[2026-09-15 17:46:35] [STAGE] Resolving Boruta cross-fold features
Iteration: 	1 / 100
Confirmed: 	0
Tentative: 	639
Rejected: 	0
Iteration: 	2 / 100
Confirmed: 	0
Tentative: 	639
Rejected: 	0
Iteration: 	3 / 100
Confirmed: 	0
Tentative: 	639
Rejected: 	0
Iteration: 	4 / 100
Confirmed: 	0
Tentative: 	639
Rejected: 	0
Iteration: 	5 / 100
Confirmed: 	0
Tentative: 	639
Rejected: 	0
Iteration: 	6 / 100
Confirmed: 	0
Tentative: 	639
Rejected: 	0
Iteration: 	7 / 100
Confirmed: 	0
Tentative: 	639
Rejected: 	0
Iteration: 	8 / 100
Confirmed: 	78
Tentative: 	185
Rejected: 	376
Iteration: 	9 / 100
Confirmed: 	78
Tentative: 	185
Rejected: 	376
Iteration: 	10 / 100
Confirmed: 	78
Tentative: 	185
Rejected: 	376
Iteration: 	11 / 100
Confirmed: 	78
Tentative: 	185
Rejected: 	376
Iteration: 	12 / 100
Confirmed: 	79
Tentative: 	129
Rejected: 	431
Iteration: 	13 / 100
Confirmed: 	79
Tentative: 	129
Rejected: 	431
Iteration: 	14 / 100
Confirmed: 	79
Tentative: 	129
Rejected: 	431
Iteration: 	15 / 100
Confirmed: 	79
Tentative: 	129
Rejected: 	431
Iteration: 	16 / 100
Confirmed: 	82
Tentative: 	106
Rejected: 	451
Iteration: 	17 / 100
Confirmed: 	82
Tentative: 	106
Rejected: 	451
Iteration: 	18 / 100
Confirmed: 	82
Tentative: 	106
Rejected: 	451
Iteration: 	19 / 100
Confirmed: 	83
Tentative: 	92
Rejected: 	464
Iteration: 	20 / 100
Confirmed: 	83
Tentative: 	92
Rejected: 	464
Iteration: 	21 / 100
Confirmed: 	83
Tentative: 	92
Rejected: 	464
Iteration: 	22 / 100
Confirmed: 	84
Tentative: 	83
Rejected: 	472
Iteration: 	23 / 100
Confirmed: 	84
Tentative: 	83
Rejected: 	472
Iteration: 	24 / 100
Confirmed: 	84
Tentative: 	83
Rejected: 	472
Iteration: 	25 / 100
Confirmed: 	84
Tentative: 	83
Rejected: 	472
Iteration: 	26 / 100
Confirmed: 	84
Tentative: 	76
Rejected: 	479
Iteration: 	27 / 100
Confirmed: 	84
Tentative: 	76
Rejected: 	479
Iteration: 	28 / 100
Confirmed: 	84
Tentative: 	76
Rejected: 	479
Iteration: 	29 / 100
Confirmed: 	84
Tentative: 	69
Rejected: 	486
Iteration: 	30 / 100
Confirmed: 	84
Tentative: 	69
Rejected: 	486
Iteration: 	31 / 100
Confirmed: 	84
Tentative: 	69
Rejected: 	486
Iteration: 	32 / 100
Confirmed: 	84
Tentative: 	65
Rejected: 	490
Iteration: 	33 / 100
Confirmed: 	84
Tentative: 	65
Rejected: 	490
Iteration: 	34 / 100
Confirmed: 	84
Tentative: 	59
Rejected: 	496
Iteration: 	35 / 100
Confirmed: 	84
Tentative: 	59
Rejected: 	496
Iteration: 	36 / 100
Confirmed: 	84
Tentative: 	59
Rejected: 	496
Iteration: 	37 / 100
Confirmed: 	84
Tentative: 	52
Rejected: 	503
Iteration: 	38 / 100
Confirmed: 	84
Tentative: 	52
Rejected: 	503
Iteration: 	39 / 100
Confirmed: 	84
Tentative: 	52
Rejected: 	503
Iteration: 	40 / 100
Confirmed: 	84
Tentative: 	47
Rejected: 	508
Iteration: 	41 / 100
Confirmed: 	84
Tentative: 	47
Rejected: 	508
Iteration: 	42 / 100
Confirmed: 	84
Tentative: 	47
Rejected: 	508
Iteration: 	43 / 100
Confirmed: 	84
Tentative: 	43
Rejected: 	512
Iteration: 	44 / 100
Confirmed: 	84
Tentative: 	43
Rejected: 	512
Iteration: 	45 / 100
Confirmed: 	84
Tentative: 	43
Rejected: 	512
Iteration: 	46 / 100
Confirmed: 	84
Tentative: 	43
Rejected: 	512
Iteration: 	47 / 100
Confirmed: 	84
Tentative: 	41
Rejected: 	514
Iteration: 	48 / 100
Confirmed: 	84
Tentative: 	41
Rejected: 	514
Iteration: 	49 / 100
Confirmed: 	84
Tentative: 	39
Rejected: 	516
Iteration: 	50 / 100
Confirmed: 	84
Tentative: 	39
Rejected: 	516
Iteration: 	51 / 100
Confirmed: 	84
Tentative: 	39
Rejected: 	516
Iteration: 	52 / 100
Confirmed: 	84
Tentative: 	39
Rejected: 	516
Iteration: 	53 / 100
Confirmed: 	84
Tentative: 	39
Rejected: 	516
Iteration: 	54 / 100
Confirmed: 	84
Tentative: 	39
Rejected: 	516
Iteration: 	55 / 100
Confirmed: 	84
Tentative: 	39
Rejected: 	516
Iteration: 	56 / 100
Confirmed: 	84
Tentative: 	38
Rejected: 	517
Iteration: 	57 / 100
Confirmed: 	84
Tentative: 	36
Rejected: 	519
Iteration: 	58 / 100
Confirmed: 	84
Tentative: 	36
Rejected: 	519
Iteration: 	59 / 100
Confirmed: 	84
Tentative: 	36
Rejected: 	519
Iteration: 	60 / 100
Confirmed: 	84
Tentative: 	36
Rejected: 	519
Iteration: 	61 / 100
Confirmed: 	84
Tentative: 	36
Rejected: 	519
Iteration: 	62 / 100
Confirmed: 	84
Tentative: 	36
Rejected: 	519
Iteration: 	63 / 100
Confirmed: 	84
Tentative: 	36
Rejected: 	519
Iteration: 	64 / 100
Confirmed: 	84
Tentative: 	35
Rejected: 	520
Iteration: 	65 / 100
Confirmed: 	84
Tentative: 	35
Rejected: 	520
Iteration: 	66 / 100
Confirmed: 	84
Tentative: 	34
Rejected: 	521
Iteration: 	67 / 100
Confirmed: 	84
Tentative: 	34
Rejected: 	521
Iteration: 	68 / 100
Confirmed: 	84
Tentative: 	33
Rejected: 	522
Iteration: 	69 / 100
Confirmed: 	84
Tentative: 	33
Rejected: 	522
Iteration: 	70 / 100
Confirmed: 	84
Tentative: 	33
Rejected: 	522
Iteration: 	71 / 100
Confirmed: 	84
Tentative: 	32
Rejected: 	523
Iteration: 	72 / 100
Confirmed: 	84
Tentative: 	32
Rejected: 	523
Iteration: 	73 / 100
Confirmed: 	84
Tentative: 	32
Rejected: 	523
Iteration: 	74 / 100
Confirmed: 	84
Tentative: 	32
Rejected: 	523
Iteration: 	75 / 100
Confirmed: 	84
Tentative: 	32
Rejected: 	523
Iteration: 	76 / 100
Confirmed: 	84
Tentative: 	31
Rejected: 	524
Iteration: 	77 / 100
Confirmed: 	84
Tentative: 	31
Rejected: 	524
Iteration: 	78 / 100
Confirmed: 	84
Tentative: 	30
Rejected: 	525
Iteration: 	79 / 100
Confirmed: 	84
Tentative: 	30
Rejected: 	525
Iteration: 	80 / 100
Confirmed: 	84
Tentative: 	30
Rejected: 	525
Iteration: 	81 / 100
Confirmed: 	84
Tentative: 	30
Rejected: 	525
Iteration: 	82 / 100
Confirmed: 	84
Tentative: 	30
Rejected: 	525
Iteration: 	83 / 100
Confirmed: 	84
Tentative: 	30
Rejected: 	525
Iteration: 	84 / 100
Confirmed: 	84
Tentative: 	30
Rejected: 	525
Iteration: 	85 / 100
Confirmed: 	84
Tentative: 	30
Rejected: 	525
Iteration: 	86 / 100
Confirmed: 	84
Tentative: 	29
Rejected: 	526
Iteration: 	87 / 100
Confirmed: 	84
Tentative: 	29
Rejected: 	526
Iteration: 	88 / 100
Confirmed: 	84
Tentative: 	29
Rejected: 	526
Iteration: 	89 / 100
Confirmed: 	84
Tentative: 	29
Rejected: 	526
Iteration: 	90 / 100
Confirmed: 	84
Tentative: 	29
Rejected: 	526
Iteration: 	91 / 100
Confirmed: 	84
Tentative: 	28
Rejected: 	527
Iteration: 	92 / 100
Confirmed: 	84
Tentative: 	28
Rejected: 	527
Iteration: 	93 / 100
Confirmed: 	84
Tentative: 	28
Rejected: 	527
Iteration: 	94 / 100
Confirmed: 	84
Tentative: 	28
Rejected: 	527
Iteration: 	95 / 100
Confirmed: 	84
Tentative: 	27
Rejected: 	528
Iteration: 	96 / 100
Confirmed: 	84
Tentative: 	27
Rejected: 	528
Iteration: 	97 / 100
Confirmed: 	84
Tentative: 	27
Rejected: 	528
Iteration: 	98 / 100
Confirmed: 	84
Tentative: 	27
Rejected: 	528
Iteration: 	99 / 100
Confirmed: 	84
Tentative: 	27
Rejected: 	528


BorutaPy finished running.

Iteration: 	100 / 100
Confirmed: 	84
Tentative: 	1
Rejected: 	554
Iteration: 	1 / 100
Confirmed: 	0
Tentative: 	639
Rejected: 	0
Iteration: 	2 / 100
Confirmed: 	0
Tentative: 	639
Rejected: 	0
Iteration: 	3 / 100
Confirmed: 	0
Tentative: 	639
Rejected: 	0
Iteration: 	4 / 100
Confirmed: 	0
Tentative: 	639
Rejected: 	0
Iteration: 	5 / 100
Confirmed: 	0
Tentative: 	639
Rejected: 	0
Iteration: 	6 / 100
Confirmed: 	0
Tentative: 	639
Rejected: 	0
Iteration: 	7 / 100
Confirmed: 	0
Tentative: 	639
Rejected: 	0
Iteration: 	8 / 100
Confirmed: 	80
Tentative: 	203
Rejected: 	356
Iteration: 	9 / 100
Confirmed: 	80
Tentative: 	203
Rejected: 	356
Iteration: 	10 / 100
Confirmed: 	80
Tentative: 	203
Rejected: 	356
Iteration: 	11 / 100
Confirmed: 	80
Tentative: 	203
Rejected: 	356
Iteration: 	12 / 100
Confirmed: 	82
Tentative: 	154
Rejected: 	403
Iteration: 	13 / 100
Confirmed: 	82
Tentative: 	154
Rejected: 	403
Iteration: 	14 / 100
Confirmed: 	82
Tentative: 	154
Rejected: 	403
Iteration: 	15 / 100
Confirmed: 	82
Tentative: 	154
Rejected: 	403
Iteration: 	16 / 100
Confirmed: 	83
Tentative: 	128
Rejected: 	428
Iteration: 	17 / 100
Confirmed: 	83
Tentative: 	128
Rejected: 	428
Iteration: 	18 / 100
Confirmed: 	83
Tentative: 	128
Rejected: 	428
Iteration: 	19 / 100
Confirmed: 	83
Tentative: 	103
Rejected: 	453
Iteration: 	20 / 100
Confirmed: 	83
Tentative: 	103
Rejected: 	453
Iteration: 	21 / 100
Confirmed: 	83
Tentative: 	103
Rejected: 	453
Iteration: 	22 / 100
Confirmed: 	83
Tentative: 	90
Rejected: 	466
Iteration: 	23 / 100
Confirmed: 	83
Tentative: 	90
Rejected: 	466
Iteration: 	24 / 100
Confirmed: 	83
Tentative: 	90
Rejected: 	466
Iteration: 	25 / 100
Confirmed: 	83
Tentative: 	90
Rejected: 	466
Iteration: 	26 / 100
Confirmed: 	83
Tentative: 	83
Rejected: 	473
Iteration: 	27 / 100
Confirmed: 	83
Tentative: 	83
Rejected: 	473
Iteration: 	28 / 100
Confirmed: 	83
Tentative: 	83
Rejected: 	473
Iteration: 	29 / 100
Confirmed: 	84
Tentative: 	72
Rejected: 	483
Iteration: 	30 / 100
Confirmed: 	84
Tentative: 	72
Rejected: 	483
Iteration: 	31 / 100
Confirmed: 	84
Tentative: 	72
Rejected: 	483
Iteration: 	32 / 100
Confirmed: 	84
Tentative: 	68
Rejected: 	487
Iteration: 	33 / 100
Confirmed: 	84
Tentative: 	68
Rejected: 	487
Iteration: 	34 / 100
Confirmed: 	84
Tentative: 	61
Rejected: 	494
Iteration: 	35 / 100
Confirmed: 	84
Tentative: 	61
Rejected: 	494
Iteration: 	36 / 100
Confirmed: 	84
Tentative: 	61
Rejected: 	494
Iteration: 	37 / 100
Confirmed: 	85
Tentative: 	54
Rejected: 	500
Iteration: 	38 / 100
Confirmed: 	85
Tentative: 	54
Rejected: 	500
Iteration: 	39 / 100
Confirmed: 	85
Tentative: 	54
Rejected: 	500
Iteration: 	40 / 100
Confirmed: 	85
Tentative: 	54
Rejected: 	500
Iteration: 	41 / 100
Confirmed: 	85
Tentative: 	54
Rejected: 	500
Iteration: 	42 / 100
Confirmed: 	85
Tentative: 	54
Rejected: 	500
Iteration: 	43 / 100
Confirmed: 	85
Tentative: 	52
Rejected: 	502
Iteration: 	44 / 100
Confirmed: 	85
Tentative: 	52
Rejected: 	502
Iteration: 	45 / 100
Confirmed: 	85
Tentative: 	52
Rejected: 	502
Iteration: 	46 / 100
Confirmed: 	85
Tentative: 	46
Rejected: 	508
Iteration: 	47 / 100
Confirmed: 	85
Tentative: 	46
Rejected: 	508
Iteration: 	48 / 100
Confirmed: 	85
Tentative: 	46
Rejected: 	508
Iteration: 	49 / 100
Confirmed: 	85
Tentative: 	44
Rejected: 	510
Iteration: 	50 / 100
Confirmed: 	85
Tentative: 	44
Rejected: 	510
Iteration: 	51 / 100
Confirmed: 	85
Tentative: 	38
Rejected: 	516
Iteration: 	52 / 100
Confirmed: 	85
Tentative: 	38
Rejected: 	516
Iteration: 	53 / 100
Confirmed: 	85
Tentative: 	38
Rejected: 	516
Iteration: 	54 / 100
Confirmed: 	85
Tentative: 	36
Rejected: 	518
Iteration: 	55 / 100
Confirmed: 	85
Tentative: 	36
Rejected: 	518
Iteration: 	56 / 100
Confirmed: 	85
Tentative: 	36
Rejected: 	518
Iteration: 	57 / 100
Confirmed: 	85
Tentative: 	36
Rejected: 	518
Iteration: 	58 / 100
Confirmed: 	85
Tentative: 	36
Rejected: 	518
Iteration: 	59 / 100
Confirmed: 	85
Tentative: 	36
Rejected: 	518
Iteration: 	60 / 100
Confirmed: 	85
Tentative: 	36
Rejected: 	518
Iteration: 	61 / 100
Confirmed: 	85
Tentative: 	36
Rejected: 	518
Iteration: 	62 / 100
Confirmed: 	85
Tentative: 	36
Rejected: 	518
Iteration: 	63 / 100
Confirmed: 	85
Tentative: 	36
Rejected: 	518
Iteration: 	64 / 100
Confirmed: 	85
Tentative: 	36
Rejected: 	518
Iteration: 	65 / 100
Confirmed: 	85
Tentative: 	35
Rejected: 	519
Iteration: 	66 / 100
Confirmed: 	85
Tentative: 	35
Rejected: 	519
Iteration: 	67 / 100
Confirmed: 	85
Tentative: 	33
Rejected: 	521
Iteration: 	68 / 100
Confirmed: 	85
Tentative: 	33
Rejected: 	521
Iteration: 	69 / 100
Confirmed: 	85
Tentative: 	33
Rejected: 	521
Iteration: 	70 / 100
Confirmed: 	85
Tentative: 	33
Rejected: 	521
Iteration: 	71 / 100
Confirmed: 	85
Tentative: 	33
Rejected: 	521
Iteration: 	72 / 100
Confirmed: 	86
Tentative: 	31
Rejected: 	522
Iteration: 	73 / 100
Confirmed: 	86
Tentative: 	31
Rejected: 	522
Iteration: 	74 / 100
Confirmed: 	86
Tentative: 	31
Rejected: 	522
Iteration: 	75 / 100
Confirmed: 	86
Tentative: 	30
Rejected: 	523
Iteration: 	76 / 100
Confirmed: 	86
Tentative: 	30
Rejected: 	523
Iteration: 	77 / 100
Confirmed: 	86
Tentative: 	29
Rejected: 	524
Iteration: 	78 / 100
Confirmed: 	86
Tentative: 	29
Rejected: 	524
Iteration: 	79 / 100
Confirmed: 	86
Tentative: 	29
Rejected: 	524
Iteration: 	80 / 100
Confirmed: 	86
Tentative: 	29
Rejected: 	524
Iteration: 	81 / 100
Confirmed: 	86
Tentative: 	29
Rejected: 	524
Iteration: 	82 / 100
Confirmed: 	86
Tentative: 	29
Rejected: 	524
Iteration: 	83 / 100
Confirmed: 	86
Tentative: 	28
Rejected: 	525
Iteration: 	84 / 100
Confirmed: 	86
Tentative: 	28
Rejected: 	525
Iteration: 	85 / 100
Confirmed: 	86
Tentative: 	28
Rejected: 	525
Iteration: 	86 / 100
Confirmed: 	86
Tentative: 	28
Rejected: 	525
Iteration: 	87 / 100
Confirmed: 	86
Tentative: 	28
Rejected: 	525
Iteration: 	88 / 100
Confirmed: 	86
Tentative: 	27
Rejected: 	526
Iteration: 	89 / 100
Confirmed: 	86
Tentative: 	27
Rejected: 	526
Iteration: 	90 / 100
Confirmed: 	86
Tentative: 	27
Rejected: 	526
Iteration: 	91 / 100
Confirmed: 	86
Tentative: 	27
Rejected: 	526
Iteration: 	92 / 100
Confirmed: 	86
Tentative: 	27
Rejected: 	526
Iteration: 	93 / 100
Confirmed: 	86
Tentative: 	27
Rejected: 	526
Iteration: 	94 / 100
Confirmed: 	86
Tentative: 	27
Rejected: 	526
Iteration: 	95 / 100
Confirmed: 	86
Tentative: 	27
Rejected: 	526
Iteration: 	96 / 100
Confirmed: 	86
Tentative: 	27
Rejected: 	526
Iteration: 	97 / 100
Confirmed: 	86
Tentative: 	27
Rejected: 	526
Iteration: 	98 / 100
Confirmed: 	86
Tentative: 	27
Rejected: 	526
Iteration: 	99 / 100
Confirmed: 	86
Tentative: 	27
Rejected: 	526


BorutaPy finished running.

Iteration: 	100 / 100
Confirmed: 	86
Tentative: 	4
Rejected: 	549
Iteration: 	1 / 100
Confirmed: 	0
Tentative: 	639
Rejected: 	0
Iteration: 	2 / 100
Confirmed: 	0
Tentative: 	639
Rejected: 	0
Iteration: 	3 / 100
Confirmed: 	0
Tentative: 	639
Rejected: 	0
Iteration: 	4 / 100
Confirmed: 	0
Tentative: 	639
Rejected: 	0
Iteration: 	5 / 100
Confirmed: 	0
Tentative: 	639
Rejected: 	0
Iteration: 	6 / 100
Confirmed: 	0
Tentative: 	639
Rejected: 	0
Iteration: 	7 / 100
Confirmed: 	0
Tentative: 	639
Rejected: 	0
Iteration: 	8 / 100
Confirmed: 	76
Tentative: 	207
Rejected: 	356
Iteration: 	9 / 100
Confirmed: 	76
Tentative: 	207
Rejected: 	356
Iteration: 	10 / 100
Confirmed: 	76
Tentative: 	207
Rejected: 	356
Iteration: 	11 / 100
Confirmed: 	76
Tentative: 	207
Rejected: 	356
Iteration: 	12 / 100
Confirmed: 	79
Tentative: 	159
Rejected: 	401
Iteration: 	13 / 100
Confirmed: 	79
Tentative: 	159
Rejected: 	401
Iteration: 	14 / 100
Confirmed: 	79
Tentative: 	159
Rejected: 	401
Iteration: 	15 / 100
Confirmed: 	79
Tentative: 	159
Rejected: 	401
Iteration: 	16 / 100
Confirmed: 	80
Tentative: 	134
Rejected: 	425
Iteration: 	17 / 100
Confirmed: 	80
Tentative: 	134
Rejected: 	425
Iteration: 	18 / 100
Confirmed: 	80
Tentative: 	134
Rejected: 	425
Iteration: 	19 / 100
Confirmed: 	82
Tentative: 	114
Rejected: 	443
Iteration: 	20 / 100
Confirmed: 	82
Tentative: 	114
Rejected: 	443
Iteration: 	21 / 100
Confirmed: 	82
Tentative: 	114
Rejected: 	443
Iteration: 	22 / 100
Confirmed: 	84
Tentative: 	96
Rejected: 	459
Iteration: 	23 / 100
Confirmed: 	84
Tentative: 	96
Rejected: 	459
Iteration: 	24 / 100
Confirmed: 	84
Tentative: 	96
Rejected: 	459
Iteration: 	25 / 100
Confirmed: 	84
Tentative: 	96
Rejected: 	459
Iteration: 	26 / 100
Confirmed: 	84
Tentative: 	92
Rejected: 	463
Iteration: 	27 / 100
Confirmed: 	84
Tentative: 	92
Rejected: 	463
Iteration: 	28 / 100
Confirmed: 	84
Tentative: 	92
Rejected: 	463
Iteration: 	29 / 100
Confirmed: 	84
Tentative: 	81
Rejected: 	474
Iteration: 	30 / 100
Confirmed: 	84
Tentative: 	81
Rejected: 	474
Iteration: 	31 / 100
Confirmed: 	84
Tentative: 	81
Rejected: 	474
Iteration: 	32 / 100
Confirmed: 	84
Tentative: 	75
Rejected: 	480
Iteration: 	33 / 100
Confirmed: 	84
Tentative: 	75
Rejected: 	480
Iteration: 	34 / 100
Confirmed: 	84
Tentative: 	68
Rejected: 	487
Iteration: 	35 / 100
Confirmed: 	84
Tentative: 	68
Rejected: 	487
Iteration: 	36 / 100
Confirmed: 	84
Tentative: 	68
Rejected: 	487
Iteration: 	37 / 100
Confirmed: 	84
Tentative: 	60
Rejected: 	495
Iteration: 	38 / 100
Confirmed: 	84
Tentative: 	60
Rejected: 	495
Iteration: 	39 / 100
Confirmed: 	84
Tentative: 	60
Rejected: 	495
Iteration: 	40 / 100
Confirmed: 	84
Tentative: 	55
Rejected: 	500
Iteration: 	41 / 100
Confirmed: 	84
Tentative: 	55
Rejected: 	500
Iteration: 	42 / 100
Confirmed: 	84
Tentative: 	55
Rejected: 	500
Iteration: 	43 / 100
Confirmed: 	84
Tentative: 	55
Rejected: 	500
Iteration: 	44 / 100
Confirmed: 	84
Tentative: 	54
Rejected: 	501
Iteration: 	45 / 100
Confirmed: 	84
Tentative: 	54
Rejected: 	501
Iteration: 	46 / 100
Confirmed: 	84
Tentative: 	50
Rejected: 	505
Iteration: 	47 / 100
Confirmed: 	84
Tentative: 	50
Rejected: 	505
Iteration: 	48 / 100
Confirmed: 	84
Tentative: 	50
Rejected: 	505
Iteration: 	49 / 100
Confirmed: 	84
Tentative: 	50
Rejected: 	505
Iteration: 	50 / 100
Confirmed: 	84
Tentative: 	50
Rejected: 	505
Iteration: 	51 / 100
Confirmed: 	84
Tentative: 	49
Rejected: 	506
Iteration: 	52 / 100
Confirmed: 	84
Tentative: 	49
Rejected: 	506
Iteration: 	53 / 100
Confirmed: 	84
Tentative: 	48
Rejected: 	507
Iteration: 	54 / 100
Confirmed: 	85
Tentative: 	47
Rejected: 	507
Iteration: 	55 / 100
Confirmed: 	85
Tentative: 	46
Rejected: 	508
Iteration: 	56 / 100
Confirmed: 	85
Tentative: 	46
Rejected: 	508
Iteration: 	57 / 100
Confirmed: 	85
Tentative: 	46
Rejected: 	508
Iteration: 	58 / 100
Confirmed: 	85
Tentative: 	46
Rejected: 	508
Iteration: 	59 / 100
Confirmed: 	85
Tentative: 	43
Rejected: 	511
Iteration: 	60 / 100
Confirmed: 	85
Tentative: 	43
Rejected: 	511
Iteration: 	61 / 100
Confirmed: 	85
Tentative: 	43
Rejected: 	511
Iteration: 	62 / 100
Confirmed: 	85
Tentative: 	40
Rejected: 	514
Iteration: 	63 / 100
Confirmed: 	85
Tentative: 	40
Rejected: 	514
Iteration: 	64 / 100
Confirmed: 	85
Tentative: 	40
Rejected: 	514
Iteration: 	65 / 100
Confirmed: 	85
Tentative: 	39
Rejected: 	515
Iteration: 	66 / 100
Confirmed: 	85
Tentative: 	39
Rejected: 	515
Iteration: 	67 / 100
Confirmed: 	85
Tentative: 	36
Rejected: 	518
Iteration: 	68 / 100
Confirmed: 	85
Tentative: 	36
Rejected: 	518
Iteration: 	69 / 100
Confirmed: 	85
Tentative: 	36
Rejected: 	518
Iteration: 	70 / 100
Confirmed: 	85
Tentative: 	36
Rejected: 	518
Iteration: 	71 / 100
Confirmed: 	85
Tentative: 	36
Rejected: 	518
Iteration: 	72 / 100
Confirmed: 	85
Tentative: 	34
Rejected: 	520
Iteration: 	73 / 100
Confirmed: 	85
Tentative: 	34
Rejected: 	520
Iteration: 	74 / 100
Confirmed: 	85
Tentative: 	34
Rejected: 	520
Iteration: 	75 / 100
Confirmed: 	85
Tentative: 	33
Rejected: 	521
Iteration: 	76 / 100
Confirmed: 	85
Tentative: 	33
Rejected: 	521
Iteration: 	77 / 100
Confirmed: 	85
Tentative: 	33
Rejected: 	521
Iteration: 	78 / 100
Confirmed: 	85
Tentative: 	33
Rejected: 	521
Iteration: 	79 / 100
Confirmed: 	85
Tentative: 	33
Rejected: 	521
Iteration: 	80 / 100
Confirmed: 	85
Tentative: 	31
Rejected: 	523
Iteration: 	81 / 100
Confirmed: 	85
Tentative: 	31
Rejected: 	523
Iteration: 	82 / 100
Confirmed: 	85
Tentative: 	31
Rejected: 	523
Iteration: 	83 / 100
Confirmed: 	85
Tentative: 	31
Rejected: 	523
Iteration: 	84 / 100
Confirmed: 	85
Tentative: 	31
Rejected: 	523
Iteration: 	85 / 100
Confirmed: 	85
Tentative: 	31
Rejected: 	523
Iteration: 	86 / 100
Confirmed: 	85
Tentative: 	31
Rejected: 	523
Iteration: 	87 / 100
Confirmed: 	85
Tentative: 	31
Rejected: 	523
Iteration: 	88 / 100
Confirmed: 	85
Tentative: 	31
Rejected: 	523
Iteration: 	89 / 100
Confirmed: 	85
Tentative: 	31
Rejected: 	523
Iteration: 	90 / 100
Confirmed: 	85
Tentative: 	30
Rejected: 	524
Iteration: 	91 / 100
Confirmed: 	85
Tentative: 	30
Rejected: 	524
Iteration: 	92 / 100
Confirmed: 	85
Tentative: 	30
Rejected: 	524
Iteration: 	93 / 100
Confirmed: 	85
Tentative: 	30
Rejected: 	524
Iteration: 	94 / 100
Confirmed: 	85
Tentative: 	30
Rejected: 	524
Iteration: 	95 / 100
Confirmed: 	85
Tentative: 	30
Rejected: 	524
Iteration: 	96 / 100
Confirmed: 	85
Tentative: 	30
Rejected: 	524
Iteration: 	97 / 100
Confirmed: 	85
Tentative: 	30
Rejected: 	524
Iteration: 	98 / 100
Confirmed: 	85
Tentative: 	30
Rejected: 	524
Iteration: 	99 / 100
Confirmed: 	85
Tentative: 	30
Rejected: 	524


BorutaPy finished running.

Iteration: 	100 / 100
Confirmed: 	85
Tentative: 	2
Rejected: 	552
Iteration: 	1 / 100
Confirmed: 	0
Tentative: 	639
Rejected: 	0
Iteration: 	2 / 100
Confirmed: 	0
Tentative: 	639
Rejected: 	0
Iteration: 	3 / 100
Confirmed: 	0
Tentative: 	639
Rejected: 	0
Iteration: 	4 / 100
Confirmed: 	0
Tentative: 	639
Rejected: 	0
Iteration: 	5 / 100
Confirmed: 	0
Tentative: 	639
Rejected: 	0
Iteration: 	6 / 100
Confirmed: 	0
Tentative: 	639
Rejected: 	0
Iteration: 	7 / 100
Confirmed: 	0
Tentative: 	639
Rejected: 	0
Iteration: 	8 / 100
Confirmed: 	90
Tentative: 	189
Rejected: 	360
Iteration: 	9 / 100
Confirmed: 	90
Tentative: 	189
Rejected: 	360
Iteration: 	10 / 100
Confirmed: 	90
Tentative: 	189
Rejected: 	360
Iteration: 	11 / 100
Confirmed: 	90
Tentative: 	189
Rejected: 	360
Iteration: 	12 / 100
Confirmed: 	93
Tentative: 	140
Rejected: 	406
Iteration: 	13 / 100
Confirmed: 	93
Tentative: 	140
Rejected: 	406
Iteration: 	14 / 100
Confirmed: 	93
Tentative: 	140
Rejected: 	406
Iteration: 	15 / 100
Confirmed: 	93
Tentative: 	140
Rejected: 	406
Iteration: 	16 / 100
Confirmed: 	96
Tentative: 	117
Rejected: 	426
Iteration: 	17 / 100
Confirmed: 	96
Tentative: 	117
Rejected: 	426
Iteration: 	18 / 100
Confirmed: 	96
Tentative: 	117
Rejected: 	426
Iteration: 	19 / 100
Confirmed: 	98
Tentative: 	98
Rejected: 	443
Iteration: 	20 / 100
Confirmed: 	98
Tentative: 	98
Rejected: 	443
Iteration: 	21 / 100
Confirmed: 	98
Tentative: 	98
Rejected: 	443
Iteration: 	22 / 100
Confirmed: 	99
Tentative: 	97
Rejected: 	443
Iteration: 	23 / 100
Confirmed: 	99
Tentative: 	97
Rejected: 	443
Iteration: 	24 / 100
Confirmed: 	99
Tentative: 	92
Rejected: 	448
Iteration: 	25 / 100
Confirmed: 	99
Tentative: 	92
Rejected: 	448
Iteration: 	26 / 100
Confirmed: 	99
Tentative: 	85
Rejected: 	455
Iteration: 	27 / 100
Confirmed: 	99
Tentative: 	85
Rejected: 	455
Iteration: 	28 / 100
Confirmed: 	99
Tentative: 	85
Rejected: 	455
Iteration: 	29 / 100
Confirmed: 	99
Tentative: 	74
Rejected: 	466
Iteration: 	30 / 100
Confirmed: 	99
Tentative: 	74
Rejected: 	466
Iteration: 	31 / 100
Confirmed: 	99
Tentative: 	74
Rejected: 	466
Iteration: 	32 / 100
Confirmed: 	100
Tentative: 	67
Rejected: 	472
Iteration: 	33 / 100
Confirmed: 	100
Tentative: 	67
Rejected: 	472
Iteration: 	34 / 100
Confirmed: 	100
Tentative: 	67
Rejected: 	472
Iteration: 	35 / 100
Confirmed: 	100
Tentative: 	65
Rejected: 	474
Iteration: 	36 / 100
Confirmed: 	100
Tentative: 	65
Rejected: 	474
Iteration: 	37 / 100
Confirmed: 	102
Tentative: 	56
Rejected: 	481
Iteration: 	38 / 100
Confirmed: 	102
Tentative: 	56
Rejected: 	481
Iteration: 	39 / 100
Confirmed: 	102
Tentative: 	56
Rejected: 	481
Iteration: 	40 / 100
Confirmed: 	102
Tentative: 	56
Rejected: 	481
Iteration: 	41 / 100
Confirmed: 	102
Tentative: 	56
Rejected: 	481
Iteration: 	42 / 100
Confirmed: 	102
Tentative: 	56
Rejected: 	481
Iteration: 	43 / 100
Confirmed: 	102
Tentative: 	54
Rejected: 	483
Iteration: 	44 / 100
Confirmed: 	102
Tentative: 	54
Rejected: 	483
Iteration: 	45 / 100
Confirmed: 	102
Tentative: 	54
Rejected: 	483
Iteration: 	46 / 100
Confirmed: 	102
Tentative: 	49
Rejected: 	488
Iteration: 	47 / 100
Confirmed: 	102
Tentative: 	49
Rejected: 	488
Iteration: 	48 / 100
Confirmed: 	102
Tentative: 	49
Rejected: 	488
Iteration: 	49 / 100
Confirmed: 	102
Tentative: 	47
Rejected: 	490
Iteration: 	50 / 100
Confirmed: 	102
Tentative: 	47
Rejected: 	490
Iteration: 	51 / 100
Confirmed: 	103
Tentative: 	46
Rejected: 	490
Iteration: 	52 / 100
Confirmed: 	103
Tentative: 	45
Rejected: 	491
Iteration: 	53 / 100
Confirmed: 	103
Tentative: 	45
Rejected: 	491
Iteration: 	54 / 100
Confirmed: 	103
Tentative: 	41
Rejected: 	495
Iteration: 	55 / 100
Confirmed: 	103
Tentative: 	41
Rejected: 	495
Iteration: 	56 / 100
Confirmed: 	103
Tentative: 	41
Rejected: 	495
Iteration: 	57 / 100
Confirmed: 	103
Tentative: 	38
Rejected: 	498
Iteration: 	58 / 100
Confirmed: 	103
Tentative: 	38
Rejected: 	498
Iteration: 	59 / 100
Confirmed: 	103
Tentative: 	37
Rejected: 	499
Iteration: 	60 / 100
Confirmed: 	103
Tentative: 	37
Rejected: 	499
Iteration: 	61 / 100
Confirmed: 	103
Tentative: 	37
Rejected: 	499
Iteration: 	62 / 100
Confirmed: 	103
Tentative: 	36
Rejected: 	500
Iteration: 	63 / 100
Confirmed: 	103
Tentative: 	36
Rejected: 	500
Iteration: 	64 / 100
Confirmed: 	103
Tentative: 	36
Rejected: 	500
Iteration: 	65 / 100
Confirmed: 	103
Tentative: 	35
Rejected: 	501
Iteration: 	66 / 100
Confirmed: 	103
Tentative: 	35
Rejected: 	501
Iteration: 	67 / 100
Confirmed: 	103
Tentative: 	34
Rejected: 	502
Iteration: 	68 / 100
Confirmed: 	103
Tentative: 	34
Rejected: 	502
Iteration: 	69 / 100
Confirmed: 	103
Tentative: 	34
Rejected: 	502
Iteration: 	70 / 100
Confirmed: 	103
Tentative: 	33
Rejected: 	503
Iteration: 	71 / 100
Confirmed: 	103
Tentative: 	33
Rejected: 	503
Iteration: 	72 / 100
Confirmed: 	103
Tentative: 	32
Rejected: 	504
Iteration: 	73 / 100
Confirmed: 	103
Tentative: 	32
Rejected: 	504
Iteration: 	74 / 100
Confirmed: 	103
Tentative: 	32
Rejected: 	504
Iteration: 	75 / 100
Confirmed: 	103
Tentative: 	32
Rejected: 	504
Iteration: 	76 / 100
Confirmed: 	103
Tentative: 	32
Rejected: 	504
Iteration: 	77 / 100
Confirmed: 	103
Tentative: 	32
Rejected: 	504
Iteration: 	78 / 100
Confirmed: 	103
Tentative: 	32
Rejected: 	504
Iteration: 	79 / 100
Confirmed: 	103
Tentative: 	32
Rejected: 	504
Iteration: 	80 / 100
Confirmed: 	103
Tentative: 	32
Rejected: 	504
Iteration: 	81 / 100
Confirmed: 	103
Tentative: 	32
Rejected: 	504
Iteration: 	82 / 100
Confirmed: 	103
Tentative: 	32
Rejected: 	504
Iteration: 	83 / 100
Confirmed: 	103
Tentative: 	32
Rejected: 	504
Iteration: 	84 / 100
Confirmed: 	103
Tentative: 	32
Rejected: 	504
Iteration: 	85 / 100
Confirmed: 	103
Tentative: 	31
Rejected: 	505
Iteration: 	86 / 100
Confirmed: 	103
Tentative: 	31
Rejected: 	505
Iteration: 	87 / 100
Confirmed: 	103
Tentative: 	31
Rejected: 	505
Iteration: 	88 / 100
Confirmed: 	103
Tentative: 	31
Rejected: 	505
Iteration: 	89 / 100
Confirmed: 	103
Tentative: 	31
Rejected: 	505
Iteration: 	90 / 100
Confirmed: 	103
Tentative: 	31
Rejected: 	505
Iteration: 	91 / 100
Confirmed: 	103
Tentative: 	31
Rejected: 	505
Iteration: 	92 / 100
Confirmed: 	103
Tentative: 	31
Rejected: 	505
Iteration: 	93 / 100
Confirmed: 	103
Tentative: 	30
Rejected: 	506
Iteration: 	94 / 100
Confirmed: 	103
Tentative: 	30
Rejected: 	506
Iteration: 	95 / 100
Confirmed: 	103
Tentative: 	29
Rejected: 	507
Iteration: 	96 / 100
Confirmed: 	103
Tentative: 	29
Rejected: 	507
Iteration: 	97 / 100
Confirmed: 	103
Tentative: 	29
Rejected: 	507
Iteration: 	98 / 100
Confirmed: 	103
Tentative: 	28
Rejected: 	508
Iteration: 	99 / 100
Confirmed: 	103
Tentative: 	28
Rejected: 	508


BorutaPy finished running.

Iteration: 	100 / 100
Confirmed: 	103
Tentative: 	1
Rejected: 	535
Iteration: 	1 / 100
Confirmed: 	0
Tentative: 	639
Rejected: 	0
Iteration: 	2 / 100
Confirmed: 	0
Tentative: 	639
Rejected: 	0
Iteration: 	3 / 100
Confirmed: 	0
Tentative: 	639
Rejected: 	0
Iteration: 	4 / 100
Confirmed: 	0
Tentative: 	639
Rejected: 	0
Iteration: 	5 / 100
Confirmed: 	0
Tentative: 	639
Rejected: 	0
Iteration: 	6 / 100
Confirmed: 	0
Tentative: 	639
Rejected: 	0
Iteration: 	7 / 100
Confirmed: 	0
Tentative: 	639
Rejected: 	0
Iteration: 	8 / 100
Confirmed: 	74
Tentative: 	212
Rejected: 	353
Iteration: 	9 / 100
Confirmed: 	74
Tentative: 	212
Rejected: 	353
Iteration: 	10 / 100
Confirmed: 	74
Tentative: 	212
Rejected: 	353
Iteration: 	11 / 100
Confirmed: 	74
Tentative: 	212
Rejected: 	353
Iteration: 	12 / 100
Confirmed: 	83
Tentative: 	149
Rejected: 	407
Iteration: 	13 / 100
Confirmed: 	83
Tentative: 	149
Rejected: 	407
Iteration: 	14 / 100
Confirmed: 	83
Tentative: 	149
Rejected: 	407
Iteration: 	15 / 100
Confirmed: 	83
Tentative: 	149
Rejected: 	407
Iteration: 	16 / 100
Confirmed: 	84
Tentative: 	131
Rejected: 	424
Iteration: 	17 / 100
Confirmed: 	84
Tentative: 	131
Rejected: 	424
Iteration: 	18 / 100
Confirmed: 	84
Tentative: 	131
Rejected: 	424
Iteration: 	19 / 100
Confirmed: 	85
Tentative: 	109
Rejected: 	445
Iteration: 	20 / 100
Confirmed: 	85
Tentative: 	109
Rejected: 	445
Iteration: 	21 / 100
Confirmed: 	85
Tentative: 	109
Rejected: 	445
Iteration: 	22 / 100
Confirmed: 	86
Tentative: 	97
Rejected: 	456
Iteration: 	23 / 100
Confirmed: 	86
Tentative: 	97
Rejected: 	456
Iteration: 	24 / 100
Confirmed: 	86
Tentative: 	97
Rejected: 	456
Iteration: 	25 / 100
Confirmed: 	86
Tentative: 	97
Rejected: 	456
Iteration: 	26 / 100
Confirmed: 	86
Tentative: 	92
Rejected: 	461
Iteration: 	27 / 100
Confirmed: 	86
Tentative: 	92
Rejected: 	461
Iteration: 	28 / 100
Confirmed: 	86
Tentative: 	92
Rejected: 	461
Iteration: 	29 / 100
Confirmed: 	86
Tentative: 	84
Rejected: 	469
Iteration: 	30 / 100
Confirmed: 	86
Tentative: 	84
Rejected: 	469
Iteration: 	31 / 100
Confirmed: 	86
Tentative: 	84
Rejected: 	469
Iteration: 	32 / 100
Confirmed: 	86
Tentative: 	79
Rejected: 	474
Iteration: 	33 / 100
Confirmed: 	86
Tentative: 	79
Rejected: 	474
Iteration: 	34 / 100
Confirmed: 	87
Tentative: 	72
Rejected: 	480
Iteration: 	35 / 100
Confirmed: 	87
Tentative: 	72
Rejected: 	480
Iteration: 	36 / 100
Confirmed: 	87
Tentative: 	72
Rejected: 	480
Iteration: 	37 / 100
Confirmed: 	87
Tentative: 	72
Rejected: 	480
Iteration: 	38 / 100
Confirmed: 	87
Tentative: 	70
Rejected: 	482
Iteration: 	39 / 100
Confirmed: 	87
Tentative: 	70
Rejected: 	482
Iteration: 	40 / 100
Confirmed: 	87
Tentative: 	66
Rejected: 	486
Iteration: 	41 / 100
Confirmed: 	87
Tentative: 	66
Rejected: 	486
Iteration: 	42 / 100
Confirmed: 	87
Tentative: 	66
Rejected: 	486
Iteration: 	43 / 100
Confirmed: 	88
Tentative: 	62
Rejected: 	489
Iteration: 	44 / 100
Confirmed: 	88
Tentative: 	62
Rejected: 	489
Iteration: 	45 / 100
Confirmed: 	88
Tentative: 	62
Rejected: 	489
Iteration: 	46 / 100
Confirmed: 	88
Tentative: 	62
Rejected: 	489
Iteration: 	47 / 100
Confirmed: 	88
Tentative: 	62
Rejected: 	489
Iteration: 	48 / 100
Confirmed: 	88
Tentative: 	62
Rejected: 	489
Iteration: 	49 / 100
Confirmed: 	88
Tentative: 	62
Rejected: 	489
Iteration: 	50 / 100
Confirmed: 	88
Tentative: 	61
Rejected: 	490
Iteration: 	51 / 100
Confirmed: 	88
Tentative: 	58
Rejected: 	493
Iteration: 	52 / 100
Confirmed: 	88
Tentative: 	58
Rejected: 	493
Iteration: 	53 / 100
Confirmed: 	88
Tentative: 	58
Rejected: 	493
Iteration: 	54 / 100
Confirmed: 	88
Tentative: 	58
Rejected: 	493
Iteration: 	55 / 100
Confirmed: 	88
Tentative: 	56
Rejected: 	495
Iteration: 	56 / 100
Confirmed: 	88
Tentative: 	56
Rejected: 	495
Iteration: 	57 / 100
Confirmed: 	88
Tentative: 	54
Rejected: 	497
Iteration: 	58 / 100
Confirmed: 	88
Tentative: 	54
Rejected: 	497
Iteration: 	59 / 100
Confirmed: 	88
Tentative: 	54
Rejected: 	497
Iteration: 	60 / 100
Confirmed: 	88
Tentative: 	53
Rejected: 	498
Iteration: 	61 / 100
Confirmed: 	88
Tentative: 	53
Rejected: 	498
Iteration: 	62 / 100
Confirmed: 	88
Tentative: 	53
Rejected: 	498
Iteration: 	63 / 100
Confirmed: 	88
Tentative: 	53
Rejected: 	498
Iteration: 	64 / 100
Confirmed: 	88
Tentative: 	53
Rejected: 	498
Iteration: 	65 / 100
Confirmed: 	88
Tentative: 	52
Rejected: 	499
Iteration: 	66 / 100
Confirmed: 	88
Tentative: 	52
Rejected: 	499
Iteration: 	67 / 100
Confirmed: 	88
Tentative: 	51
Rejected: 	500
Iteration: 	68 / 100
Confirmed: 	88
Tentative: 	51
Rejected: 	500
Iteration: 	69 / 100
Confirmed: 	88
Tentative: 	51
Rejected: 	500
Iteration: 	70 / 100
Confirmed: 	88
Tentative: 	51
Rejected: 	500
Iteration: 	71 / 100
Confirmed: 	88
Tentative: 	51
Rejected: 	500
Iteration: 	72 / 100
Confirmed: 	88
Tentative: 	49
Rejected: 	502
Iteration: 	73 / 100
Confirmed: 	88
Tentative: 	49
Rejected: 	502
Iteration: 	74 / 100
Confirmed: 	88
Tentative: 	49
Rejected: 	502
Iteration: 	75 / 100
Confirmed: 	88
Tentative: 	49
Rejected: 	502
Iteration: 	76 / 100
Confirmed: 	88
Tentative: 	49
Rejected: 	502
Iteration: 	77 / 100
Confirmed: 	88
Tentative: 	47
Rejected: 	504
Iteration: 	78 / 100
Confirmed: 	88
Tentative: 	47
Rejected: 	504
Iteration: 	79 / 100
Confirmed: 	88
Tentative: 	47
Rejected: 	504
Iteration: 	80 / 100
Confirmed: 	88
Tentative: 	45
Rejected: 	506
Iteration: 	81 / 100
Confirmed: 	88
Tentative: 	45
Rejected: 	506
Iteration: 	82 / 100
Confirmed: 	88
Tentative: 	45
Rejected: 	506
Iteration: 	83 / 100
Confirmed: 	89
Tentative: 	42
Rejected: 	508
Iteration: 	84 / 100
Confirmed: 	89
Tentative: 	42
Rejected: 	508
Iteration: 	85 / 100
Confirmed: 	89
Tentative: 	42
Rejected: 	508
Iteration: 	86 / 100
Confirmed: 	89
Tentative: 	42
Rejected: 	508
Iteration: 	87 / 100
Confirmed: 	89
Tentative: 	42
Rejected: 	508
Iteration: 	88 / 100
Confirmed: 	89
Tentative: 	42
Rejected: 	508
Iteration: 	89 / 100
Confirmed: 	89
Tentative: 	42
Rejected: 	508
Iteration: 	90 / 100
Confirmed: 	89
Tentative: 	41
Rejected: 	509
Iteration: 	91 / 100
Confirmed: 	89
Tentative: 	41
Rejected: 	509
Iteration: 	92 / 100
Confirmed: 	89
Tentative: 	41
Rejected: 	509
Iteration: 	93 / 100
Confirmed: 	89
Tentative: 	40
Rejected: 	510
Iteration: 	94 / 100
Confirmed: 	89
Tentative: 	40
Rejected: 	510
Iteration: 	95 / 100
Confirmed: 	90
Tentative: 	39
Rejected: 	510
Iteration: 	96 / 100
Confirmed: 	90
Tentative: 	39
Rejected: 	510
Iteration: 	97 / 100
Confirmed: 	90
Tentative: 	39
Rejected: 	510
Iteration: 	98 / 100
Confirmed: 	90
Tentative: 	38
Rejected: 	511
Iteration: 	99 / 100
Confirmed: 	90
Tentative: 	38
Rejected: 	511


BorutaPy finished running.

Iteration: 	100 / 100
Confirmed: 	90
Tentative: 	4
Rejected: 	545

─────────────────── Processing Fold 1/5 ───────────────────
[BORUTA CROSS-FOLD] Fold 0: using 69 features from unified cross-fold set (out of 69 total).
Saving filtered results for fold 0 (seed 42).
[FEATURE TRACE] Saved feature trace for fold 0 to inputs/duplicates/isDeceased_lt_28d/target_col/24h_debut_rea_no-fill/Mode_Commonly_Used_Without_pmsi/tsfel_boruta/train/balanced_seed_42/feature_trace_fold_0.json

─────────────────── Processing Fold 2/5 ───────────────────
[BORUTA CROSS-FOLD] Fold 1: using 69 features from unified cross-fold set (out of 69 total).
Saving filtered results for fold 1 (seed 42).
[FEATURE TRACE] Saved feature trace for fold 1 to inputs/duplicates/isDeceased_lt_28d/target_col/24h_debut_rea_no-fill/Mode_Commonly_Used_Without_pmsi/tsfel_boruta/train/balanced_seed_42/feature_trace_fold_1.json

─────────────────── Processing Fold 3/5 ───────────────────
[BORUTA CROSS-FOLD] Fold 2: using 69 features from unified cross-fold set (out of 69 total).
Saving filtered results for fold 2 (seed 42).
[FEATURE TRACE] Saved feature trace for fold 2 to inputs/duplicates/isDeceased_lt_28d/target_col/24h_debut_rea_no-fill/Mode_Commonly_Used_Without_pmsi/tsfel_boruta/train/balanced_seed_42/feature_trace_fold_2.json

─────────────────── Processing Fold 4/5 ───────────────────
[BORUTA CROSS-FOLD] Fold 3: using 69 features from unified cross-fold set (out of 69 total).
Saving filtered results for fold 3 (seed 42).
[FEATURE TRACE] Saved feature trace for fold 3 to inputs/duplicates/isDeceased_lt_28d/target_col/24h_debut_rea_no-fill/Mode_Commonly_Used_Without_pmsi/tsfel_boruta/train/balanced_seed_42/feature_trace_fold_3.json

─────────────────── Processing Fold 5/5 ───────────────────
[BORUTA CROSS-FOLD] Fold 4: using 69 features from unified cross-fold set (out of 69 total).
Saving filtered results for fold 4 (seed 42).
[FEATURE TRACE] Saved feature trace for fold 4 to inputs/duplicates/isDeceased_lt_28d/target_col/24h_debut_rea_no-fill/Mode_Commonly_Used_Without_pmsi/tsfel_boruta/train/balanced_seed_42/feature_trace_fold_4.json
All 5 folds were computed successfully!
[2026-09-15 17:50:49] [STAGE] Preparing training
Training started
--> Applied parameters: {'n_estimators': 300, 'max_depth': 5, 'learning_rate': 0.05, 'subsample': 0.8, 'colsample_bytree': 0.8}

[2026-09-15 17:50:49] [STAGE] Training fold 1/5

─────────────────── Training Fold 1/5 ───────────────────
    [INFO] Calibration enabled (platt). Splitting the fold with StratifiedGroupKFold...
    [LEARNING CURVE] Starting the unified learning-curve stage loop...
      -> Stage 20% (85 patients) [TEMPORARY]
      -> Stage 40% (170 patients) [TEMPORARY]
      -> Stage 60% (256 patients) [TEMPORARY]
      -> Stage 80% (341 patients) [TEMPORARY]
      -> Stage 100% (427 patients) [FINAL TRAINING & DISK SAVE]
    [INFO] Applying calibration platt to the held-out calibration set...
--> Final model saved to models/duplicates/isDeceased_lt_28d/target_col/24h_debut_rea_no-fill/Mode_Commonly_Used_Without_pmsi/XGBoost_TSFEL/balanced_seed_42_platt/fold_0.joblib
[2026-09-15 17:50:49] [STAGE] Training fold 2/5

─────────────────── Training Fold 2/5 ───────────────────
    [INFO] Calibration enabled (platt). Splitting the fold with StratifiedGroupKFold...
    [LEARNING CURVE] Starting the unified learning-curve stage loop...
      -> Stage 20% (85 patients) [TEMPORARY]
      -> Stage 40% (170 patients) [TEMPORARY]
      -> Stage 60% (256 patients) [TEMPORARY]
      -> Stage 80% (341 patients) [TEMPORARY]
      -> Stage 100% (427 patients) [FINAL TRAINING & DISK SAVE]
    [INFO] Applying calibration platt to the held-out calibration set...
--> Final model saved to models/duplicates/isDeceased_lt_28d/target_col/24h_debut_rea_no-fill/Mode_Commonly_Used_Without_pmsi/XGBoost_TSFEL/balanced_seed_42_platt/fold_1.joblib
[2026-09-15 17:50:50] [STAGE] Training fold 3/5

─────────────────── Training Fold 3/5 ───────────────────
    [INFO] Calibration enabled (platt). Splitting the fold with StratifiedGroupKFold...
    [LEARNING CURVE] Starting the unified learning-curve stage loop...
      -> Stage 20% (85 patients) [TEMPORARY]
      -> Stage 40% (170 patients) [TEMPORARY]
      -> Stage 60% (255 patients) [TEMPORARY]
      -> Stage 80% (340 patients) [TEMPORARY]
      -> Stage 100% (426 patients) [FINAL TRAINING & DISK SAVE]
    [INFO] Applying calibration platt to the held-out calibration set...
--> Final model saved to models/duplicates/isDeceased_lt_28d/target_col/24h_debut_rea_no-fill/Mode_Commonly_Used_Without_pmsi/XGBoost_TSFEL/balanced_seed_42_platt/fold_2.joblib
[2026-09-15 17:50:51] [STAGE] Training fold 4/5

─────────────────── Training Fold 4/5 ───────────────────
    [INFO] Calibration enabled (platt). Splitting the fold with StratifiedGroupKFold...
    [LEARNING CURVE] Starting the unified learning-curve stage loop...
      -> Stage 20% (85 patients) [TEMPORARY]
      -> Stage 40% (170 patients) [TEMPORARY]
      -> Stage 60% (255 patients) [TEMPORARY]
      -> Stage 80% (340 patients) [TEMPORARY]
      -> Stage 100% (426 patients) [FINAL TRAINING & DISK SAVE]
    [INFO] Applying calibration platt to the held-out calibration set...
--> Final model saved to models/duplicates/isDeceased_lt_28d/target_col/24h_debut_rea_no-fill/Mode_Commonly_Used_Without_pmsi/XGBoost_TSFEL/balanced_seed_42_platt/fold_3.joblib
[2026-09-15 17:50:52] [STAGE] Training fold 5/5

─────────────────── Training Fold 5/5 ───────────────────
    [INFO] Calibration enabled (platt). Splitting the fold with StratifiedGroupKFold...
    [LEARNING CURVE] Starting the unified learning-curve stage loop...
      -> Stage 20% (85 patients) [TEMPORARY]
      -> Stage 40% (170 patients) [TEMPORARY]
      -> Stage 60% (255 patients) [TEMPORARY]
      -> Stage 80% (340 patients) [TEMPORARY]
      -> Stage 100% (426 patients) [FINAL TRAINING & DISK SAVE]
    [INFO] Applying calibration platt to the held-out calibration set...
--> Final model saved to models/duplicates/isDeceased_lt_28d/target_col/24h_debut_rea_no-fill/Mode_Commonly_Used_Without_pmsi/XGBoost_TSFEL/balanced_seed_42_platt/fold_4.joblib
Cross-validation completed successfully. Five models were saved.
Output directory ready: outputs/duplicates/isDeceased_lt_28d/target_col/24h_debut_rea_no-fill/Mode_Commonly_Used_Without_pmsi/XGBoost_TSFEL/balanced_seed_42_platt
[2026-09-15 17:50:53] [STAGE] Evaluating the 5 folds
[2026-09-15 17:50:53] [STAGE] Evaluating fold 1/5

─────────────────── Evaluating Fold 1/5 ───────────────────
Loaded model: models/duplicates/isDeceased_lt_28d/target_col/24h_debut_rea_no-fill/Mode_Commonly_Used_Without_pmsi/XGBoost_TSFEL/balanced_seed_42_platt/fold_0.joblib
No feature names were found in the root estimator. Using raw NumPy matrices.
    [INFO] Calibrated estimator detected on disk.
Fold 1 test accuracy: 0.8313
[FOLD 1] AUC=0.8684, AUPRC=0.5367, Brier=0.1264, ICI=0.0324
[2026-09-15 17:50:53] [STAGE] Evaluating fold 2/5

─────────────────── Evaluating Fold 2/5 ───────────────────
Loaded model: models/duplicates/isDeceased_lt_28d/target_col/24h_debut_rea_no-fill/Mode_Commonly_Used_Without_pmsi/XGBoost_TSFEL/balanced_seed_42_platt/fold_1.joblib
No feature names were found in the root estimator. Using raw NumPy matrices.
    [INFO] Calibrated estimator detected on disk.
Fold 2 test accuracy: 0.8313
[FOLD 2] AUC=0.7830, AUPRC=0.4888, Brier=0.1345, ICI=0.0779
[2026-09-15 17:50:53] [STAGE] Evaluating fold 3/5

─────────────────── Evaluating Fold 3/5 ───────────────────
Loaded model: models/duplicates/isDeceased_lt_28d/target_col/24h_debut_rea_no-fill/Mode_Commonly_Used_Without_pmsi/XGBoost_TSFEL/balanced_seed_42_platt/fold_2.joblib
No feature names were found in the root estimator. Using raw NumPy matrices.
    [INFO] Calibrated estimator detected on disk.
Fold 3 test accuracy: 0.8000
[FOLD 3] AUC=0.8018, AUPRC=0.4170, Brier=0.1447, ICI=0.0770
[2026-09-15 17:50:53] [STAGE] Evaluating fold 4/5

─────────────────── Evaluating Fold 4/5 ───────────────────
Loaded model: models/duplicates/isDeceased_lt_28d/target_col/24h_debut_rea_no-fill/Mode_Commonly_Used_Without_pmsi/XGBoost_TSFEL/balanced_seed_42_platt/fold_3.joblib
No feature names were found in the root estimator. Using raw NumPy matrices.
    [INFO] Calibrated estimator detected on disk.
Fold 4 test accuracy: 0.7875
[FOLD 4] AUC=0.7297, AUPRC=0.4282, Brier=0.1482, ICI=0.0645
[2026-09-15 17:50:53] [STAGE] Evaluating fold 5/5

─────────────────── Evaluating Fold 5/5 ───────────────────
Loaded model: models/duplicates/isDeceased_lt_28d/target_col/24h_debut_rea_no-fill/Mode_Commonly_Used_Without_pmsi/XGBoost_TSFEL/balanced_seed_42_platt/fold_4.joblib
No feature names were found in the root estimator. Using raw NumPy matrices.
    [INFO] Calibrated estimator detected on disk.
Fold 5 test accuracy: 0.8000
[FOLD 5] AUC=0.7942, AUPRC=0.4679, Brier=0.1346, ICI=0.0587

==================== FOLD METRICS SUMMARY ====================
auc: 0.7954 (± 0.0496)
auprc: 0.4677 (± 0.0483)
f1_score: 0.5371 (± 0.0569)
mcc: 0.4126 (± 0.0856)
best_threshold: 0.1457 (± 0.0314)
brier: 0.1377 (± 0.0087)
calibration_intercept: 0.0701 (± 0.1993)
calibration_slope: 1.0180 (± 0.1953)
ici: 0.0621 (± 0.0185)
e90: 0.2653 (± 0.0965)

==================== GLOBAL CROSS-VALIDATION SUMMARY ====================
Mean accuracy: 0.8100 (± 0.0201)

Aggregated classification report across all 5 folds:
              precision    recall  f1-score   support

       Alive       0.83      0.95      0.89       640
    Deceased       0.56      0.24      0.34       160

    accuracy                           0.81       800
   macro avg       0.70      0.60      0.61       800
weighted avg       0.78      0.81      0.78       800

===============================================================================

Generating the pooled out-of-fold calibration curve...
[2026-09-15 17:50:53] [STAGE] Generating final metrics and figures
[XGBoost TSFEL] --- Shape & Fairness Analysis ---
[XGBoost TSFEL] Survivors -> Mean Risk: 0.16 (±0.13)
[XGBoost TSFEL] Deaths    -> Mean Risk: 0.31 (±0.20)
Warning: Unbalanced uncertainty! The model is less confident on one of the classes.
[XGBoost TSFEL] Decision Threshold (KDE Cross): 0.04
The best F1 score of 0.53 is reached at threshold 0.13
Brier score:  0.13766616166036993
[2026-09-15 17:50:55] [STAGE] Evaluating the independent holdout
No feature names were found in the root estimator. Using raw NumPy matrices.
    [INFO] Calibrated estimator detected on disk.
Fold 1 test accuracy: 0.8150
No feature names were found in the root estimator. Using raw NumPy matrices.
    [INFO] Calibrated estimator detected on disk.
Fold 2 test accuracy: 0.8200
No feature names were found in the root estimator. Using raw NumPy matrices.
    [INFO] Calibrated estimator detected on disk.
Fold 3 test accuracy: 0.8300
No feature names were found in the root estimator. Using raw NumPy matrices.
    [INFO] Calibrated estimator detected on disk.
Fold 4 test accuracy: 0.8100
No feature names were found in the root estimator. Using raw NumPy matrices.
    [INFO] Calibrated estimator detected on disk.
Fold 5 test accuracy: 0.8150
[XGBoost TSFEL] --- Shape & Fairness Analysis ---
[XGBoost TSFEL] Survivors -> Mean Risk: 0.16 (±0.10)
[XGBoost TSFEL] Deaths    -> Mean Risk: 0.30 (±0.17)
Warning: Unbalanced uncertainty! The model is less confident on one of the classes.
[XGBoost TSFEL] Decision Threshold (KDE Cross): 0.04
Brier score:  0.13027238587338386
The best F1 score of 0.57 is reached at threshold 0.18

==================== HOLDOUT BOOTSTRAP SUMMARY ====================
auc: 0.8309 [95% CI 0.7617, 0.8926]
auprc: 0.5558 [95% CI 0.4036, 0.7039]
brier: 0.1303 [95% CI 0.0992, 0.1612]
f1: 0.5354 [95% CI 0.4248, 0.6316]
mcc: 0.4186 [95% CI 0.2967, 0.5322]
calibration_slope: 1.4960 [95% CI 1.0374, 2.1208]
calibration_intercept: 0.7871 [95% CI 0.0203, 1.8177]
ici: 0.0508 [95% CI 0.0299, 0.1043]
e90: 0.2750 [95% CI 0.1882, 0.4504]
[2026-09-15 17:51:10] [STAGE] Computing ensemble TreeSHAP values on the holdout
[COMPARISON] Model unavailable (skipped): InceptionTimeModified
[COMPARISON] Model unavailable (skipped): LstmTimeModified
[COMPARISON] Model unavailable (skipped): RandomForest TSFEL
[COMPARISON] Model unavailable (skipped): SVC TSFEL
[COMPARISON] Model unavailable (skipped): Logistic Regression Lasso TSFEL
[COMPARISON] Model unavailable (skipped): IGS2
[COMPARISON] Loaded 1 models for comparison.
[COMPARISON] Generating comparative report...
[COMPARISON] Output directory: outputs/duplicates/isDeceased_lt_28d/target_col/24h_debut_rea_no-fill/Mode_Commonly_Used_Without_pmsi/Comparisons_All
[COMPARISON] Running generate_comparative_report...

!!! [EXPERIMENT 3/7] CRASHED !!!
Error encountered: module 'utilitaries.figures.comparison' has no attribute 'old_generate_comparative_report'

[STACKTRACE]
Traceback (most recent call last):
  File "/home/poette.m/mimic-validation/TSFE_methodologie/Clean_Build_Workpackages_Workflow/ICU_Models_Comparison.py", line 2976, in <module>
    comparison_figures.old_generate_comparative_report(
    ^^^^^^^^^^^^^^^^^^^^^^^^^^^^^^^^^^^^^^^^^^^^^^^^^^
AttributeError: module 'utilitaries.figures.comparison' has no attribute 'old_generate_comparative_report'. Did you mean: 'generate_comparative_report'?

!!!!!!!!!!!!!!!!!!!!!!!!!!!!!!!!!!!!!!!!!!!!!!!!!!!!!!!!!!!!!!!!!!!!!!!!!!!!!!!!!!!!!!!!!!

[2026-09-15 17:51:24] [STAGE] Experiment 3 failed (skipped)
[CONFIG] Optuna choices: (False,)

====================================================================================================
[EXPERIMENT 4/7] STARTED
  Model        : LstmTimeModified
  Features     : Mode Commonly Used Without pmsi
  Balancing    : Aucune Méthode
  Optuna       : False
====================================================================================================
[2026-09-15 17:51:24] [STAGE] Creating the experiment configuration
[2026-09-15 17:51:24] [STAGE] Initializing hardware and parameters
Is CUDA available? True
Current device: 0
GPU name: NVIDIA GeForce RTX 3090
[2026-09-15 17:51:24] [STAGE] Loading and merging data
[2026-09-15 17:51:24] [STAGE] Preparing and cleaning the dataset
[WINDOWS FILTER] required_length=24, patients before filter=1000, patients retained=1000
Number of features sent to LstmTimeModified : 35 : ['score_glasgow', 'is_conscious', 'heart_rate', 'creat', 'is_cvvhf', 'is_hdi', 'pao2', 'is_ventilated', 'fio2_corr', 'age', 'temp', 'pas', 'pam', 'pad', 'bili_tot', 'leucocytes', 'fr', 'ph', 'sodium', 'potassium', 'num_plq', 'blood_urea', 'nad_dose_poids', 'hemoglobine', 'tp', 'spo2', 'hco3', 'glyc_cap', 'admission_type_DIRECT EMER.', 'admission_type_ELECTIVE', 'admission_type_EU OBSERVATION', 'admission_type_EW EMER.', 'admission_type_OBSERVATION ADMIT', 'admission_type_SURGICAL SAME DAY ADMISSION', 'admission_type_URGENT']
[2026-09-15 17:51:24] [STAGE] Preparing model data and the initial holdout
[2026-09-15 17:51:24] [STAGE] Building and preprocessing the 5 folds

[TIME PIPELINE] extraction_type='time' detected for LstmTimeModified. Setting train_init_df rows=19200, holdout_init_df rows=4800
[TIME PIPELINE] X (train_init_df) type=DataFrame, y shape=(19200,), groups shape=(19200,)

─────────────────── Processing Fold 1/5 ───────────────────
[TIME PIPELINE] Fold 1: train_idx length=15360, validation_idx length=3840
[TIME PIPELINE] Fold 1: Calling preproc.process_time_fold...
[TIME PIPELINE] Fold 1: process_time_fold returned. x_train shape=(640, 24, 35), x_val shape=(160, 24, 35), x_holdout shape=(200, 24, 35), y_train positives=128/640

─────────────────── Processing Fold 2/5 ───────────────────
[TIME PIPELINE] Fold 2: train_idx length=15360, validation_idx length=3840
[TIME PIPELINE] Fold 2: Calling preproc.process_time_fold...
[TIME PIPELINE] Fold 2: process_time_fold returned. x_train shape=(640, 24, 35), x_val shape=(160, 24, 35), x_holdout shape=(200, 24, 35), y_train positives=128/640

─────────────────── Processing Fold 3/5 ───────────────────
[TIME PIPELINE] Fold 3: train_idx length=15360, validation_idx length=3840
[TIME PIPELINE] Fold 3: Calling preproc.process_time_fold...
[TIME PIPELINE] Fold 3: process_time_fold returned. x_train shape=(640, 24, 35), x_val shape=(160, 24, 35), x_holdout shape=(200, 24, 35), y_train positives=128/640

─────────────────── Processing Fold 4/5 ───────────────────
[TIME PIPELINE] Fold 4: train_idx length=15360, validation_idx length=3840
[TIME PIPELINE] Fold 4: Calling preproc.process_time_fold...
[TIME PIPELINE] Fold 4: process_time_fold returned. x_train shape=(640, 24, 35), x_val shape=(160, 24, 35), x_holdout shape=(200, 24, 35), y_train positives=128/640

─────────────────── Processing Fold 5/5 ───────────────────
[TIME PIPELINE] Fold 5: train_idx length=15360, validation_idx length=3840
[TIME PIPELINE] Fold 5: Calling preproc.process_time_fold...
[TIME PIPELINE] Fold 5: process_time_fold returned. x_train shape=(640, 24, 35), x_val shape=(160, 24, 35), x_holdout shape=(200, 24, 35), y_train positives=128/640
All 5 folds were computed successfully!
[2026-09-15 17:51:26] [STAGE] Preparing training
Training started
--> Applied parameters: {'epochs': 100, 'patience': 30, 'lr': 0.001}

[2026-09-15 17:51:26] [STAGE] Training fold 1/5

─────────────────── Training Fold 1/5 ───────────────────
    [INFO] Calibration enabled (temperature_scaling). Splitting the fold with StratifiedGroupKFold...
    [LEARNING CURVE] Starting the unified learning-curve stage loop...
      -> Stage 20% (85 patients) [TEMPORARY]
Training LSTM:   0%|          | 0/100 [00:00<?, ?it/s]Training LSTM:   0%|          | 0/100 [00:00<?, ?it/s, auc=0.8137, lr=1.00e-03, train=1.1258, val=0.7985]Training LSTM:   1%|          | 1/100 [00:00<00:15,  6.46it/s, auc=0.8137, lr=1.00e-03, train=1.1258, val=0.7985]Training LSTM:   1%|          | 1/100 [00:00<00:15,  6.46it/s, auc=0.8101, lr=9.99e-04, train=0.8017, val=0.7444]Training LSTM:   1%|          | 1/100 [00:00<00:15,  6.46it/s, auc=0.7668, lr=9.98e-04, train=0.7050, val=0.8119]Training LSTM:   1%|          | 1/100 [00:00<00:15,  6.46it/s, auc=0.7334, lr=9.96e-04, train=0.5563, val=0.8806]Training LSTM:   1%|          | 1/100 [00:00<00:15,  6.46it/s, auc=0.7090, lr=9.94e-04, train=0.4331, val=0.9776]Training LSTM:   1%|          | 1/100 [00:00<00:15,  6.46it/s, auc=0.7156, lr=9.91e-04, train=0.3716, val=1.0432]Training LSTM:   1%|          | 1/100 [00:00<00:15,  6.46it/s, auc=0.7300, lr=9.88e-04, train=0.2844, val=1.1265]Training LSTM:   1%|          | 1/100 [00:00<00:15,  6.46it/s, auc=0.7417, lr=9.84e-04, train=0.1906, val=1.2332]Training LSTM:   1%|          | 1/100 [00:00<00:15,  6.46it/s, auc=0.7542, lr=9.80e-04, train=0.1460, val=1.3726]Training LSTM:   9%|▉         | 9/100 [00:00<00:02, 40.38it/s, auc=0.7542, lr=9.80e-04, train=0.1460, val=1.3726]Training LSTM:   9%|▉         | 9/100 [00:00<00:02, 40.38it/s, auc=0.7617, lr=9.76e-04, train=0.0786, val=1.4598]Training LSTM:   9%|▉         | 9/100 [00:00<00:02, 40.38it/s, auc=0.7603, lr=9.70e-04, train=0.0473, val=1.6279]Training LSTM:   9%|▉         | 9/100 [00:00<00:02, 40.38it/s, auc=0.7617, lr=9.65e-04, train=0.0243, val=1.8450]Training LSTM:   9%|▉         | 9/100 [00:00<00:02, 40.38it/s, auc=0.7639, lr=9.59e-04, train=0.0125, val=2.0873]Training LSTM:   9%|▉         | 9/100 [00:00<00:02, 40.38it/s, auc=0.7654, lr=9.52e-04, train=0.0109, val=2.2857]Training LSTM:   9%|▉         | 9/100 [00:00<00:02, 40.38it/s, auc=0.7676, lr=9.46e-04, train=0.0049, val=2.4548]Training LSTM:   9%|▉         | 9/100 [00:00<00:02, 40.38it/s, auc=0.7646, lr=9.38e-04, train=0.0036, val=2.5855]Training LSTM:   9%|▉         | 9/100 [00:00<00:02, 40.38it/s, auc=0.7646, lr=9.30e-04, train=0.0027, val=2.6759]Training LSTM:   9%|▉         | 9/100 [00:00<00:02, 40.38it/s, auc=0.7629, lr=9.22e-04, train=0.0026, val=2.7434]Training LSTM:  18%|█▊        | 18/100 [00:00<00:01, 58.97it/s, auc=0.7629, lr=9.22e-04, train=0.0026, val=2.7434]Training LSTM:  18%|█▊        | 18/100 [00:00<00:01, 58.97it/s, auc=0.7617, lr=9.14e-04, train=0.0017, val=2.8010]Training LSTM:  18%|█▊        | 18/100 [00:00<00:01, 58.97it/s, auc=0.7600, lr=9.05e-04, train=0.0018, val=2.8478]Training LSTM:  18%|█▊        | 18/100 [00:00<00:01, 58.97it/s, auc=0.7593, lr=8.95e-04, train=0.0013, val=2.8865]Training LSTM:  18%|█▊        | 18/100 [00:00<00:01, 58.97it/s, auc=0.7590, lr=8.85e-04, train=0.0011, val=2.9220]Training LSTM:  18%|█▊        | 18/100 [00:00<00:01, 58.97it/s, auc=0.7598, lr=8.75e-04, train=0.0008, val=2.9568]Training LSTM:  18%|█▊        | 18/100 [00:00<00:01, 58.97it/s, auc=0.7605, lr=8.64e-04, train=0.0008, val=2.9885]Training LSTM:  18%|█▊        | 18/100 [00:00<00:01, 58.97it/s, auc=0.7600, lr=8.54e-04, train=0.0007, val=3.0153]Training LSTM:  18%|█▊        | 18/100 [00:00<00:01, 58.97it/s, auc=0.7610, lr=8.42e-04, train=0.0008, val=3.0379]Training LSTM:  18%|█▊        | 18/100 [00:00<00:01, 58.97it/s, auc=0.7620, lr=8.31e-04, train=0.0006, val=3.0538]Training LSTM:  27%|██▋       | 27/100 [00:00<00:01, 69.62it/s, auc=0.7620, lr=8.31e-04, train=0.0006, val=3.0538]Training LSTM:  27%|██▋       | 27/100 [00:00<00:01, 69.62it/s, auc=0.7632, lr=8.19e-04, train=0.0004, val=3.0661]Training LSTM:  27%|██▋       | 27/100 [00:00<00:01, 69.62it/s, auc=0.7634, lr=8.06e-04, train=0.0004, val=3.0739]Training LSTM:  27%|██▋       | 27/100 [00:00<00:01, 69.62it/s, auc=0.7632, lr=7.94e-04, train=0.0005, val=3.0775]Training LSTM:  27%|██▋       | 27/100 [00:00<00:01, 69.62it/s, auc=0.7639, lr=7.81e-04, train=0.0005, val=3.0786]Training LSTM:  27%|██▋       | 27/100 [00:00<00:01, 69.62it/s, Early stop @ epoch 31]                            Training LSTM:  30%|███       | 30/100 [00:00<00:01, 58.22it/s, Early stop @ epoch 31]

✓ Best model loaded (epoch 1, val_loss=0.798462, val_auc=0.813721)
Temperature calibration on the validation set...
✓ Calibration : T = 0.6820, bias = -1.7379
      -> Stage 40% (170 patients) [TEMPORARY]
Training LSTM:   0%|          | 0/100 [00:00<?, ?it/s]Training LSTM:   0%|          | 0/100 [00:00<?, ?it/s, auc=0.8481, lr=1.00e-03, train=0.9941, val=0.8354]Training LSTM:   0%|          | 0/100 [00:00<?, ?it/s, auc=0.8599, lr=9.99e-04, train=0.8119, val=0.6826]Training LSTM:   0%|          | 0/100 [00:00<?, ?it/s, auc=0.8394, lr=9.98e-04, train=0.7074, val=0.6598]Training LSTM:   0%|          | 0/100 [00:00<?, ?it/s, auc=0.8083, lr=9.96e-04, train=0.5964, val=0.7226]Training LSTM:   0%|          | 0/100 [00:00<?, ?it/s, auc=0.7805, lr=9.94e-04, train=0.5450, val=0.7807]Training LSTM:   0%|          | 0/100 [00:00<?, ?it/s, auc=0.7749, lr=9.91e-04, train=0.4763, val=0.8145]Training LSTM:   0%|          | 0/100 [00:00<?, ?it/s, auc=0.7778, lr=9.88e-04, train=0.3793, val=0.8540]Training LSTM:   7%|▋         | 7/100 [00:00<00:01, 64.00it/s, auc=0.7778, lr=9.88e-04, train=0.3793, val=0.8540]Training LSTM:   7%|▋         | 7/100 [00:00<00:01, 64.00it/s, auc=0.7954, lr=9.84e-04, train=0.3159, val=0.8589]Training LSTM:   7%|▋         | 7/100 [00:00<00:01, 64.00it/s, auc=0.7781, lr=9.80e-04, train=0.2651, val=0.9465]Training LSTM:   7%|▋         | 7/100 [00:00<00:01, 64.00it/s, auc=0.7761, lr=9.76e-04, train=0.1740, val=1.0296]Training LSTM:   7%|▋         | 7/100 [00:00<00:01, 64.00it/s, auc=0.7715, lr=9.70e-04, train=0.1358, val=1.2557]Training LSTM:   7%|▋         | 7/100 [00:00<00:01, 64.00it/s, auc=0.7634, lr=9.65e-04, train=0.0974, val=1.4597]Training LSTM:   7%|▋         | 7/100 [00:00<00:01, 64.00it/s, auc=0.7744, lr=9.59e-04, train=0.0484, val=1.5098]Training LSTM:   7%|▋         | 7/100 [00:00<00:01, 64.00it/s, auc=0.7786, lr=9.52e-04, train=0.0405, val=1.5827]Training LSTM:  14%|█▍        | 14/100 [00:00<00:01, 65.02it/s, auc=0.7786, lr=9.52e-04, train=0.0405, val=1.5827]Training LSTM:  14%|█▍        | 14/100 [00:00<00:01, 65.02it/s, auc=0.7839, lr=9.46e-04, train=0.0478, val=1.7568]Training LSTM:  14%|█▍        | 14/100 [00:00<00:01, 65.02it/s, auc=0.7661, lr=9.38e-04, train=0.0189, val=1.9287]Training LSTM:  14%|█▍        | 14/100 [00:00<00:01, 65.02it/s, auc=0.7583, lr=9.30e-04, train=0.0157, val=2.0082]Training LSTM:  14%|█▍        | 14/100 [00:00<00:01, 65.02it/s, auc=0.7778, lr=9.22e-04, train=0.0133, val=1.9290]Training LSTM:  14%|█▍        | 14/100 [00:00<00:01, 65.02it/s, auc=0.7866, lr=9.14e-04, train=0.0045, val=1.9170]Training LSTM:  14%|█▍        | 14/100 [00:00<00:01, 65.02it/s, auc=0.7859, lr=9.05e-04, train=0.0328, val=1.9929]Training LSTM:  14%|█▍        | 14/100 [00:00<00:01, 65.02it/s, auc=0.7822, lr=8.95e-04, train=0.0033, val=2.0908]Training LSTM:  21%|██        | 21/100 [00:00<00:01, 66.69it/s, auc=0.7822, lr=8.95e-04, train=0.0033, val=2.0908]Training LSTM:  21%|██        | 21/100 [00:00<00:01, 66.69it/s, auc=0.7773, lr=8.85e-04, train=0.0022, val=2.1609]Training LSTM:  21%|██        | 21/100 [00:00<00:01, 66.69it/s, auc=0.7771, lr=8.75e-04, train=0.0026, val=2.2048]Training LSTM:  21%|██        | 21/100 [00:00<00:01, 66.69it/s, auc=0.7756, lr=8.64e-04, train=0.0016, val=2.2219]Training LSTM:  21%|██        | 21/100 [00:00<00:01, 66.69it/s, auc=0.7766, lr=8.54e-04, train=0.0017, val=2.2317]Training LSTM:  21%|██        | 21/100 [00:00<00:01, 66.69it/s, auc=0.7773, lr=8.42e-04, train=0.0012, val=2.2385]Training LSTM:  21%|██        | 21/100 [00:00<00:01, 66.69it/s, auc=0.7798, lr=8.31e-04, train=0.0012, val=2.2459]Training LSTM:  21%|██        | 21/100 [00:00<00:01, 66.69it/s, auc=0.7815, lr=8.19e-04, train=0.0010, val=2.2643]Training LSTM:  28%|██▊       | 28/100 [00:00<00:01, 67.53it/s, auc=0.7815, lr=8.19e-04, train=0.0010, val=2.2643]Training LSTM:  28%|██▊       | 28/100 [00:00<00:01, 67.53it/s, auc=0.7827, lr=8.06e-04, train=0.0011, val=2.2886]Training LSTM:  28%|██▊       | 28/100 [00:00<00:01, 67.53it/s, auc=0.7834, lr=7.94e-04, train=0.0008, val=2.3116]Training LSTM:  28%|██▊       | 28/100 [00:00<00:01, 67.53it/s, auc=0.7842, lr=7.81e-04, train=0.0007, val=2.3326]Training LSTM:  28%|██▊       | 28/100 [00:00<00:01, 67.53it/s, auc=0.7847, lr=7.68e-04, train=0.0007, val=2.3497]Training LSTM:  28%|██▊       | 28/100 [00:00<00:01, 67.53it/s, Early stop @ epoch 32]                            Training LSTM:  31%|███       | 31/100 [00:00<00:01, 64.91it/s, Early stop @ epoch 32]

✓ Best model loaded (epoch 2, val_loss=0.682554, val_auc=0.859863)
Temperature calibration on the validation set...
✓ Calibration : T = 0.9640, bias = -1.7622
      -> Stage 60% (256 patients) [TEMPORARY]
Training LSTM:   0%|          | 0/100 [00:00<?, ?it/s]Training LSTM:   0%|          | 0/100 [00:00<?, ?it/s, auc=0.8630, lr=1.00e-03, train=1.0557, val=0.7103]Training LSTM:   0%|          | 0/100 [00:00<?, ?it/s, auc=0.8542, lr=9.99e-04, train=0.8882, val=0.7329]Training LSTM:   0%|          | 0/100 [00:00<?, ?it/s, auc=0.8499, lr=9.98e-04, train=0.7487, val=0.7199]Training LSTM:   0%|          | 0/100 [00:00<?, ?it/s, auc=0.8574, lr=9.96e-04, train=0.6904, val=0.6988]Training LSTM:   0%|          | 0/100 [00:00<?, ?it/s, auc=0.8511, lr=9.94e-04, train=0.6060, val=0.7090]Training LSTM:   0%|          | 0/100 [00:00<?, ?it/s, auc=0.8491, lr=9.91e-04, train=0.5220, val=0.7246]Training LSTM:   6%|▌         | 6/100 [00:00<00:01, 54.68it/s, auc=0.8491, lr=9.91e-04, train=0.5220, val=0.7246]Training LSTM:   6%|▌         | 6/100 [00:00<00:01, 54.68it/s, auc=0.8486, lr=9.88e-04, train=0.4228, val=0.7772]Training LSTM:   6%|▌         | 6/100 [00:00<00:01, 54.68it/s, auc=0.8450, lr=9.84e-04, train=0.3624, val=0.9523]Training LSTM:   6%|▌         | 6/100 [00:00<00:01, 54.68it/s, auc=0.8486, lr=9.80e-04, train=0.2873, val=0.9819]Training LSTM:   6%|▌         | 6/100 [00:00<00:01, 54.68it/s, auc=0.8364, lr=9.76e-04, train=0.2002, val=1.2900]Training LSTM:   6%|▌         | 6/100 [00:00<00:01, 54.68it/s, auc=0.8333, lr=9.70e-04, train=0.1780, val=1.3356]Training LSTM:   6%|▌         | 6/100 [00:00<00:01, 54.68it/s, auc=0.8374, lr=9.65e-04, train=0.1012, val=1.7036]Training LSTM:  12%|█▏        | 12/100 [00:00<00:01, 55.21it/s, auc=0.8374, lr=9.65e-04, train=0.1012, val=1.7036]Training LSTM:  12%|█▏        | 12/100 [00:00<00:01, 55.21it/s, auc=0.8430, lr=9.59e-04, train=0.0711, val=1.3424]Training LSTM:  12%|█▏        | 12/100 [00:00<00:01, 55.21it/s, auc=0.8445, lr=9.52e-04, train=0.0786, val=1.6992]Training LSTM:  12%|█▏        | 12/100 [00:00<00:01, 55.21it/s, auc=0.8142, lr=9.46e-04, train=0.0931, val=1.8601]Training LSTM:  12%|█▏        | 12/100 [00:00<00:01, 55.21it/s, auc=0.8062, lr=9.38e-04, train=0.0452, val=1.9206]Training LSTM:  12%|█▏        | 12/100 [00:00<00:01, 55.21it/s, auc=0.8293, lr=9.30e-04, train=0.0140, val=2.1673]Training LSTM:  12%|█▏        | 12/100 [00:00<00:01, 55.21it/s, auc=0.8264, lr=9.22e-04, train=0.0109, val=2.1936]Training LSTM:  18%|█▊        | 18/100 [00:00<00:01, 55.32it/s, auc=0.8264, lr=9.22e-04, train=0.0109, val=2.1936]Training LSTM:  18%|█▊        | 18/100 [00:00<00:01, 55.32it/s, auc=0.8232, lr=9.14e-04, train=0.0085, val=2.3896]Training LSTM:  18%|█▊        | 18/100 [00:00<00:01, 55.32it/s, auc=0.8179, lr=9.05e-04, train=0.0054, val=2.5952]Training LSTM:  18%|█▊        | 18/100 [00:00<00:01, 55.32it/s, auc=0.8135, lr=8.95e-04, train=0.0036, val=2.7095]Training LSTM:  18%|█▊        | 18/100 [00:00<00:01, 55.32it/s, auc=0.8110, lr=8.85e-04, train=0.0021, val=2.8051]Training LSTM:  18%|█▊        | 18/100 [00:00<00:01, 55.32it/s, auc=0.8098, lr=8.75e-04, train=0.0020, val=2.8599]Training LSTM:  18%|█▊        | 18/100 [00:00<00:01, 55.32it/s, auc=0.8099, lr=8.64e-04, train=0.0017, val=2.8773]Training LSTM:  24%|██▍       | 24/100 [00:00<00:01, 55.13it/s, auc=0.8099, lr=8.64e-04, train=0.0017, val=2.8773]Training LSTM:  24%|██▍       | 24/100 [00:00<00:01, 55.13it/s, auc=0.8086, lr=8.54e-04, train=0.0013, val=2.8779]Training LSTM:  24%|██▍       | 24/100 [00:00<00:01, 55.13it/s, auc=0.8091, lr=8.42e-04, train=0.0010, val=2.8771]Training LSTM:  24%|██▍       | 24/100 [00:00<00:01, 55.13it/s, auc=0.8088, lr=8.31e-04, train=0.0010, val=2.8687]Training LSTM:  24%|██▍       | 24/100 [00:00<00:01, 55.13it/s, auc=0.8083, lr=8.19e-04, train=0.0009, val=2.8703]Training LSTM:  24%|██▍       | 24/100 [00:00<00:01, 55.13it/s, auc=0.8076, lr=8.06e-04, train=0.0007, val=2.8798]Training LSTM:  24%|██▍       | 24/100 [00:00<00:01, 55.13it/s, auc=0.8081, lr=7.94e-04, train=0.0006, val=2.8888]Training LSTM:  30%|███       | 30/100 [00:00<00:01, 55.23it/s, auc=0.8081, lr=7.94e-04, train=0.0006, val=2.8888]Training LSTM:  30%|███       | 30/100 [00:00<00:01, 55.23it/s, auc=0.8074, lr=7.81e-04, train=0.0007, val=2.9051]Training LSTM:  30%|███       | 30/100 [00:00<00:01, 55.23it/s, Early stop @ epoch 31]                            Training LSTM:  30%|███       | 30/100 [00:00<00:01, 53.41it/s, Early stop @ epoch 31]

✓ Best model loaded (epoch 1, val_loss=0.710284, val_auc=0.863037)
Temperature calibration on the validation set...
✓ Calibration : T = 0.8097, bias = -1.6121
      -> Stage 80% (341 patients) [TEMPORARY]
Training LSTM:   0%|          | 0/100 [00:00<?, ?it/s]Training LSTM:   0%|          | 0/100 [00:00<?, ?it/s, auc=0.8647, lr=1.00e-03, train=1.1510, val=0.7996]Training LSTM:   0%|          | 0/100 [00:00<?, ?it/s, auc=0.8630, lr=9.99e-04, train=0.8833, val=0.7703]Training LSTM:   0%|          | 0/100 [00:00<?, ?it/s, auc=0.8384, lr=9.98e-04, train=0.7875, val=0.8044]Training LSTM:   0%|          | 0/100 [00:00<?, ?it/s, auc=0.8579, lr=9.96e-04, train=0.7018, val=0.7508]Training LSTM:   0%|          | 0/100 [00:00<?, ?it/s, auc=0.8567, lr=9.94e-04, train=0.6274, val=0.8263]Training LSTM:   5%|▌         | 5/100 [00:00<00:02, 40.29it/s, auc=0.8567, lr=9.94e-04, train=0.6274, val=0.8263]Training LSTM:   5%|▌         | 5/100 [00:00<00:02, 40.29it/s, auc=0.8535, lr=9.91e-04, train=0.5332, val=0.8524]Training LSTM:   5%|▌         | 5/100 [00:00<00:02, 40.29it/s, auc=0.8477, lr=9.88e-04, train=0.4459, val=0.8583]Training LSTM:   5%|▌         | 5/100 [00:00<00:02, 40.29it/s, auc=0.8440, lr=9.84e-04, train=0.3588, val=1.1627]Training LSTM:   5%|▌         | 5/100 [00:00<00:02, 40.29it/s, auc=0.8420, lr=9.80e-04, train=0.3156, val=1.2210]Training LSTM:   5%|▌         | 5/100 [00:00<00:02, 40.29it/s, auc=0.8503, lr=9.76e-04, train=0.2406, val=1.2418]Training LSTM:  10%|█         | 10/100 [00:00<00:02, 40.64it/s, auc=0.8503, lr=9.76e-04, train=0.2406, val=1.2418]Training LSTM:  10%|█         | 10/100 [00:00<00:02, 40.64it/s, auc=0.8611, lr=9.70e-04, train=0.1669, val=1.2541]Training LSTM:  10%|█         | 10/100 [00:00<00:02, 40.64it/s, auc=0.8213, lr=9.65e-04, train=0.1196, val=1.7351]Training LSTM:  10%|█         | 10/100 [00:00<00:02, 40.64it/s, auc=0.8381, lr=9.59e-04, train=0.0924, val=2.0355]Training LSTM:  10%|█         | 10/100 [00:00<00:02, 40.64it/s, auc=0.8308, lr=9.52e-04, train=0.1134, val=1.7453]Training LSTM:  10%|█         | 10/100 [00:00<00:02, 40.64it/s, auc=0.8278, lr=9.46e-04, train=0.0625, val=2.4338]Training LSTM:  15%|█▌        | 15/100 [00:00<00:02, 40.72it/s, auc=0.8278, lr=9.46e-04, train=0.0625, val=2.4338]Training LSTM:  15%|█▌        | 15/100 [00:00<00:02, 40.72it/s, auc=0.8127, lr=9.38e-04, train=0.0243, val=2.6900]Training LSTM:  15%|█▌        | 15/100 [00:00<00:02, 40.72it/s, auc=0.8218, lr=9.30e-04, train=0.0186, val=2.7035]Training LSTM:  15%|█▌        | 15/100 [00:00<00:02, 40.72it/s, auc=0.8167, lr=9.22e-04, train=0.0060, val=2.7172]Training LSTM:  15%|█▌        | 15/100 [00:00<00:02, 40.72it/s, auc=0.8123, lr=9.14e-04, train=0.0057, val=3.3354]Training LSTM:  15%|█▌        | 15/100 [00:00<00:02, 40.72it/s, auc=0.8003, lr=9.05e-04, train=0.0118, val=3.4699]Training LSTM:  20%|██        | 20/100 [00:00<00:01, 40.78it/s, auc=0.8003, lr=9.05e-04, train=0.0118, val=3.4699]Training LSTM:  20%|██        | 20/100 [00:00<00:01, 40.78it/s, auc=0.8240, lr=8.95e-04, train=0.0027, val=3.1767]Training LSTM:  20%|██        | 20/100 [00:00<00:01, 40.78it/s, auc=0.8333, lr=8.85e-04, train=0.0028, val=3.0686]Training LSTM:  20%|██        | 20/100 [00:00<00:01, 40.78it/s, auc=0.8345, lr=8.75e-04, train=0.0017, val=3.0689]Training LSTM:  20%|██        | 20/100 [00:00<00:01, 40.78it/s, auc=0.8308, lr=8.64e-04, train=0.0020, val=3.1596]Training LSTM:  20%|██        | 20/100 [00:00<00:01, 40.78it/s, auc=0.8306, lr=8.54e-04, train=0.0011, val=3.2637]Training LSTM:  25%|██▌       | 25/100 [00:00<00:01, 40.79it/s, auc=0.8306, lr=8.54e-04, train=0.0011, val=3.2637]Training LSTM:  25%|██▌       | 25/100 [00:00<00:01, 40.79it/s, auc=0.8296, lr=8.42e-04, train=0.0009, val=3.3432]Training LSTM:  25%|██▌       | 25/100 [00:00<00:01, 40.79it/s, auc=0.8315, lr=8.31e-04, train=0.0007, val=3.3983]Training LSTM:  25%|██▌       | 25/100 [00:00<00:01, 40.79it/s, auc=0.8308, lr=8.19e-04, train=0.0008, val=3.4101]Training LSTM:  25%|██▌       | 25/100 [00:00<00:01, 40.79it/s, auc=0.8281, lr=8.06e-04, train=0.0006, val=3.4112]Training LSTM:  25%|██▌       | 25/100 [00:00<00:01, 40.79it/s, auc=0.8271, lr=7.94e-04, train=0.0005, val=3.4127]Training LSTM:  30%|███       | 30/100 [00:00<00:01, 40.78it/s, auc=0.8271, lr=7.94e-04, train=0.0005, val=3.4127]Training LSTM:  30%|███       | 30/100 [00:00<00:01, 40.78it/s, auc=0.8269, lr=7.81e-04, train=0.0005, val=3.4140]Training LSTM:  30%|███       | 30/100 [00:00<00:01, 40.78it/s, Early stop @ epoch 31]                            Training LSTM:  30%|███       | 30/100 [00:00<00:01, 39.42it/s, Early stop @ epoch 31]

✓ Best model loaded (epoch 1, val_loss=0.799579, val_auc=0.864746)
Temperature calibration on the validation set...
✓ Calibration : T = 1.0906, bias = -2.1421
      -> Stage 100% (427 patients) [FINAL TRAINING & DISK SAVE]
Training LSTM:   0%|          | 0/100 [00:00<?, ?it/s]Training LSTM:   0%|          | 0/100 [00:00<?, ?it/s, auc=0.8760, lr=1.00e-03, train=1.0604, val=0.7261]Training LSTM:   0%|          | 0/100 [00:00<?, ?it/s, auc=0.8564, lr=9.99e-04, train=0.8332, val=0.7378]Training LSTM:   0%|          | 0/100 [00:00<?, ?it/s, auc=0.8633, lr=9.98e-04, train=0.7379, val=0.7419]Training LSTM:   0%|          | 0/100 [00:00<?, ?it/s, auc=0.8655, lr=9.96e-04, train=0.6482, val=0.7891]Training LSTM:   4%|▍         | 4/100 [00:00<00:02, 34.39it/s, auc=0.8655, lr=9.96e-04, train=0.6482, val=0.7891]Training LSTM:   4%|▍         | 4/100 [00:00<00:02, 34.39it/s, auc=0.8706, lr=9.94e-04, train=0.5831, val=0.7410]Training LSTM:   4%|▍         | 4/100 [00:00<00:02, 34.39it/s, auc=0.8679, lr=9.91e-04, train=0.4991, val=0.8048]Training LSTM:   4%|▍         | 4/100 [00:00<00:02, 34.39it/s, auc=0.8535, lr=9.88e-04, train=0.4387, val=0.8715]Training LSTM:   4%|▍         | 4/100 [00:00<00:02, 34.39it/s, auc=0.8586, lr=9.84e-04, train=0.3540, val=1.0909]Training LSTM:   8%|▊         | 8/100 [00:00<00:02, 35.25it/s, auc=0.8586, lr=9.84e-04, train=0.3540, val=1.0909]Training LSTM:   8%|▊         | 8/100 [00:00<00:02, 35.25it/s, auc=0.8503, lr=9.80e-04, train=0.2867, val=1.1115]Training LSTM:   8%|▊         | 8/100 [00:00<00:02, 35.25it/s, auc=0.8391, lr=9.76e-04, train=0.2510, val=1.6359]Training LSTM:   8%|▊         | 8/100 [00:00<00:02, 35.25it/s, auc=0.8462, lr=9.70e-04, train=0.1878, val=1.3479]Training LSTM:   8%|▊         | 8/100 [00:00<00:02, 35.25it/s, auc=0.8430, lr=9.65e-04, train=0.1385, val=1.6886]Training LSTM:  12%|█▏        | 12/100 [00:00<00:02, 35.48it/s, auc=0.8430, lr=9.65e-04, train=0.1385, val=1.6886]Training LSTM:  12%|█▏        | 12/100 [00:00<00:02, 35.48it/s, auc=0.8220, lr=9.59e-04, train=0.0921, val=2.0033]Training LSTM:  12%|█▏        | 12/100 [00:00<00:02, 35.48it/s, auc=0.8152, lr=9.52e-04, train=0.1136, val=2.2860]Training LSTM:  12%|█▏        | 12/100 [00:00<00:02, 35.48it/s, auc=0.8311, lr=9.46e-04, train=0.1012, val=2.5674]Training LSTM:  12%|█▏        | 12/100 [00:00<00:02, 35.48it/s, auc=0.8254, lr=9.38e-04, train=0.1695, val=2.4294]Training LSTM:  16%|█▌        | 16/100 [00:00<00:02, 35.55it/s, auc=0.8254, lr=9.38e-04, train=0.1695, val=2.4294]Training LSTM:  16%|█▌        | 16/100 [00:00<00:02, 35.55it/s, auc=0.8154, lr=9.30e-04, train=0.0284, val=2.5123]Training LSTM:  16%|█▌        | 16/100 [00:00<00:02, 35.55it/s, auc=0.8301, lr=9.22e-04, train=0.0357, val=2.7026]Training LSTM:  16%|█▌        | 16/100 [00:00<00:02, 35.55it/s, auc=0.8164, lr=9.14e-04, train=0.0332, val=2.8419]Training LSTM:  16%|█▌        | 16/100 [00:00<00:02, 35.55it/s, auc=0.8091, lr=9.05e-04, train=0.0137, val=3.1349]Training LSTM:  20%|██        | 20/100 [00:00<00:02, 35.61it/s, auc=0.8091, lr=9.05e-04, train=0.0137, val=3.1349]Training LSTM:  20%|██        | 20/100 [00:00<00:02, 35.61it/s, auc=0.8181, lr=8.95e-04, train=0.0047, val=3.0120]Training LSTM:  20%|██        | 20/100 [00:00<00:02, 35.61it/s, auc=0.8201, lr=8.85e-04, train=0.0044, val=3.3496]Training LSTM:  20%|██        | 20/100 [00:00<00:02, 35.61it/s, auc=0.8164, lr=8.75e-04, train=0.0051, val=3.3872]Training LSTM:  20%|██        | 20/100 [00:00<00:02, 35.61it/s, auc=0.8054, lr=8.64e-04, train=0.0033, val=3.3267]Training LSTM:  24%|██▍       | 24/100 [00:00<00:02, 35.66it/s, auc=0.8054, lr=8.64e-04, train=0.0033, val=3.3267]Training LSTM:  24%|██▍       | 24/100 [00:00<00:02, 35.66it/s, auc=0.7927, lr=8.54e-04, train=0.0020, val=3.5980]Training LSTM:  24%|██▍       | 24/100 [00:00<00:02, 35.66it/s, auc=0.7913, lr=8.42e-04, train=0.0017, val=3.7303]Training LSTM:  24%|██▍       | 24/100 [00:00<00:02, 35.66it/s, auc=0.7954, lr=8.31e-04, train=0.0012, val=3.7237]Training LSTM:  24%|██▍       | 24/100 [00:00<00:02, 35.66it/s, auc=0.8005, lr=8.19e-04, train=0.0010, val=3.6906]Training LSTM:  28%|██▊       | 28/100 [00:00<00:02, 35.67it/s, auc=0.8005, lr=8.19e-04, train=0.0010, val=3.6906]Training LSTM:  28%|██▊       | 28/100 [00:00<00:02, 35.67it/s, auc=0.8018, lr=8.06e-04, train=0.0007, val=3.6720]Training LSTM:  28%|██▊       | 28/100 [00:00<00:02, 35.67it/s, auc=0.8029, lr=7.94e-04, train=0.0008, val=3.6726]Training LSTM:  28%|██▊       | 28/100 [00:00<00:02, 35.67it/s, auc=0.8057, lr=7.81e-04, train=0.0006, val=3.6801]Training LSTM:  28%|██▊       | 28/100 [00:00<00:02, 35.67it/s, Early stop @ epoch 31]                            Training LSTM:  30%|███       | 30/100 [00:00<00:02, 34.41it/s, Early stop @ epoch 31]

✓ Best model loaded (epoch 1, val_loss=0.726098, val_auc=0.875977)
Temperature calibration on the validation set...
✓ Calibration : T = 1.1364, bias = -1.7913
[2026-09-15 17:51:31] [STAGE] Training fold 2/5

─────────────────── Training Fold 2/5 ───────────────────
    [INFO] Calibration enabled (temperature_scaling). Splitting the fold with StratifiedGroupKFold...
    [LEARNING CURVE] Starting the unified learning-curve stage loop...
      -> Stage 20% (85 patients) [TEMPORARY]
Training LSTM:   0%|          | 0/100 [00:00<?, ?it/s]Training LSTM:   0%|          | 0/100 [00:00<?, ?it/s, auc=0.7712, lr=1.00e-03, train=1.0785, val=0.9659]Training LSTM:   0%|          | 0/100 [00:00<?, ?it/s, auc=0.7822, lr=9.99e-04, train=0.7762, val=1.0081]Training LSTM:   0%|          | 0/100 [00:00<?, ?it/s, auc=0.7874, lr=9.98e-04, train=0.6657, val=1.0914]Training LSTM:   0%|          | 0/100 [00:00<?, ?it/s, auc=0.7720, lr=9.96e-04, train=0.5734, val=1.0856]Training LSTM:   0%|          | 0/100 [00:00<?, ?it/s, auc=0.7446, lr=9.94e-04, train=0.4389, val=1.1843]Training LSTM:   0%|          | 0/100 [00:00<?, ?it/s, auc=0.7100, lr=9.91e-04, train=0.3615, val=1.4160]Training LSTM:   0%|          | 0/100 [00:00<?, ?it/s, auc=0.6897, lr=9.88e-04, train=0.2645, val=1.7375]Training LSTM:   0%|          | 0/100 [00:00<?, ?it/s, auc=0.6814, lr=9.84e-04, train=0.2003, val=2.0761]Training LSTM:   0%|          | 0/100 [00:00<?, ?it/s, auc=0.6841, lr=9.80e-04, train=0.1239, val=2.4521]Training LSTM:   9%|▉         | 9/100 [00:00<00:01, 88.00it/s, auc=0.6841, lr=9.80e-04, train=0.1239, val=2.4521]Training LSTM:   9%|▉         | 9/100 [00:00<00:01, 88.00it/s, auc=0.6858, lr=9.76e-04, train=0.0767, val=2.8346]Training LSTM:   9%|▉         | 9/100 [00:00<00:01, 88.00it/s, auc=0.6902, lr=9.70e-04, train=0.0551, val=3.2464]Training LSTM:   9%|▉         | 9/100 [00:00<00:01, 88.00it/s, auc=0.6868, lr=9.65e-04, train=0.0332, val=3.6562]Training LSTM:   9%|▉         | 9/100 [00:00<00:01, 88.00it/s, auc=0.6833, lr=9.59e-04, train=0.0152, val=3.9198]Training LSTM:   9%|▉         | 9/100 [00:00<00:01, 88.00it/s, auc=0.6816, lr=9.52e-04, train=0.0074, val=4.1458]Training LSTM:   9%|▉         | 9/100 [00:00<00:01, 88.00it/s, auc=0.6731, lr=9.46e-04, train=0.0100, val=4.4447]Training LSTM:   9%|▉         | 9/100 [00:00<00:01, 88.00it/s, auc=0.6626, lr=9.38e-04, train=0.0044, val=4.7241]Training LSTM:   9%|▉         | 9/100 [00:00<00:01, 88.00it/s, auc=0.6531, lr=9.30e-04, train=0.0029, val=4.9503]Training LSTM:   9%|▉         | 9/100 [00:00<00:01, 88.00it/s, auc=0.6470, lr=9.22e-04, train=0.0026, val=5.1213]Training LSTM:   9%|▉         | 9/100 [00:00<00:01, 88.00it/s, auc=0.6426, lr=9.14e-04, train=0.0024, val=5.2424]Training LSTM:  19%|█▉        | 19/100 [00:00<00:00, 89.32it/s, auc=0.6426, lr=9.14e-04, train=0.0024, val=5.2424]Training LSTM:  19%|█▉        | 19/100 [00:00<00:00, 89.32it/s, auc=0.6370, lr=9.05e-04, train=0.0017, val=5.3379]Training LSTM:  19%|█▉        | 19/100 [00:00<00:00, 89.32it/s, auc=0.6355, lr=8.95e-04, train=0.0015, val=5.4115]Training LSTM:  19%|█▉        | 19/100 [00:00<00:00, 89.32it/s, auc=0.6323, lr=8.85e-04, train=0.0011, val=5.4682]Training LSTM:  19%|█▉        | 19/100 [00:00<00:00, 89.32it/s, auc=0.6318, lr=8.75e-04, train=0.0009, val=5.5145]Training LSTM:  19%|█▉        | 19/100 [00:00<00:00, 89.32it/s, auc=0.6304, lr=8.64e-04, train=0.0008, val=5.5516]Training LSTM:  19%|█▉        | 19/100 [00:00<00:00, 89.32it/s, auc=0.6304, lr=8.54e-04, train=0.0008, val=5.5812]Training LSTM:  19%|█▉        | 19/100 [00:00<00:00, 89.32it/s, auc=0.6296, lr=8.42e-04, train=0.0006, val=5.6045]Training LSTM:  19%|█▉        | 19/100 [00:00<00:00, 89.32it/s, auc=0.6301, lr=8.31e-04, train=0.0007, val=5.6271]Training LSTM:  19%|█▉        | 19/100 [00:00<00:00, 89.32it/s, auc=0.6301, lr=8.19e-04, train=0.0006, val=5.6480]Training LSTM:  19%|█▉        | 19/100 [00:00<00:00, 89.32it/s, auc=0.6309, lr=8.06e-04, train=0.0006, val=5.6649]Training LSTM:  29%|██▉       | 29/100 [00:00<00:00, 89.83it/s, auc=0.6309, lr=8.06e-04, train=0.0006, val=5.6649]Training LSTM:  29%|██▉       | 29/100 [00:00<00:00, 89.83it/s, auc=0.6321, lr=7.94e-04, train=0.0006, val=5.6800]Training LSTM:  29%|██▉       | 29/100 [00:00<00:00, 89.83it/s, auc=0.6326, lr=7.81e-04, train=0.0005, val=5.6940]Training LSTM:  29%|██▉       | 29/100 [00:00<00:00, 89.83it/s, auc=0.6326, lr=7.68e-04, train=0.0005, val=5.7069]Training LSTM:  29%|██▉       | 29/100 [00:00<00:00, 89.83it/s, auc=0.6326, lr=7.55e-04, train=0.0005, val=5.7182]Training LSTM:  29%|██▉       | 29/100 [00:00<00:00, 89.83it/s, Early stop @ epoch 33]                            Training LSTM:  32%|███▏      | 32/100 [00:00<00:00, 86.93it/s, Early stop @ epoch 33]

✓ Best model loaded (epoch 3, val_loss=1.091368, val_auc=0.787354)
Temperature calibration on the validation set...
✓ Calibration : T = 1.4454, bias = -0.7780
      -> Stage 40% (170 patients) [TEMPORARY]
Training LSTM:   0%|          | 0/100 [00:00<?, ?it/s]Training LSTM:   0%|          | 0/100 [00:00<?, ?it/s, auc=0.7815, lr=1.00e-03, train=1.0393, val=0.8406]Training LSTM:   0%|          | 0/100 [00:00<?, ?it/s, auc=0.7976, lr=9.99e-04, train=0.7929, val=0.8276]Training LSTM:   0%|          | 0/100 [00:00<?, ?it/s, auc=0.8020, lr=9.98e-04, train=0.6599, val=0.8986]Training LSTM:   0%|          | 0/100 [00:00<?, ?it/s, auc=0.7991, lr=9.96e-04, train=0.5779, val=0.9148]Training LSTM:   0%|          | 0/100 [00:00<?, ?it/s, auc=0.7849, lr=9.94e-04, train=0.5049, val=0.9091]Training LSTM:   0%|          | 0/100 [00:00<?, ?it/s, auc=0.7759, lr=9.91e-04, train=0.4408, val=0.9633]Training LSTM:   0%|          | 0/100 [00:00<?, ?it/s, auc=0.7737, lr=9.88e-04, train=0.3773, val=1.0685]Training LSTM:   7%|▋         | 7/100 [00:00<00:01, 66.52it/s, auc=0.7737, lr=9.88e-04, train=0.3773, val=1.0685]Training LSTM:   7%|▋         | 7/100 [00:00<00:01, 66.52it/s, auc=0.7625, lr=9.84e-04, train=0.2969, val=1.2070]Training LSTM:   7%|▋         | 7/100 [00:00<00:01, 66.52it/s, auc=0.7612, lr=9.80e-04, train=0.2382, val=1.3866]Training LSTM:   7%|▋         | 7/100 [00:00<00:01, 66.52it/s, auc=0.7632, lr=9.76e-04, train=0.2132, val=1.5686]Training LSTM:   7%|▋         | 7/100 [00:00<00:01, 66.52it/s, auc=0.7661, lr=9.70e-04, train=0.1390, val=1.7023]Training LSTM:   7%|▋         | 7/100 [00:00<00:01, 66.52it/s, auc=0.7644, lr=9.65e-04, train=0.0920, val=2.0211]Training LSTM:   7%|▋         | 7/100 [00:00<00:01, 66.52it/s, auc=0.7493, lr=9.59e-04, train=0.0626, val=2.2040]Training LSTM:   7%|▋         | 7/100 [00:00<00:01, 66.52it/s, auc=0.7466, lr=9.52e-04, train=0.0358, val=2.4535]Training LSTM:  14%|█▍        | 14/100 [00:00<00:01, 67.96it/s, auc=0.7466, lr=9.52e-04, train=0.0358, val=2.4535]Training LSTM:  14%|█▍        | 14/100 [00:00<00:01, 67.96it/s, auc=0.7366, lr=9.46e-04, train=0.0234, val=2.5570]Training LSTM:  14%|█▍        | 14/100 [00:00<00:01, 67.96it/s, auc=0.7305, lr=9.38e-04, train=0.0118, val=2.6662]Training LSTM:  14%|█▍        | 14/100 [00:00<00:01, 67.96it/s, auc=0.7334, lr=9.30e-04, train=0.0079, val=2.8537]Training LSTM:  14%|█▍        | 14/100 [00:00<00:01, 67.96it/s, auc=0.7361, lr=9.22e-04, train=0.0067, val=3.0095]Training LSTM:  14%|█▍        | 14/100 [00:00<00:01, 67.96it/s, auc=0.7383, lr=9.14e-04, train=0.0026, val=3.1080]Training LSTM:  14%|█▍        | 14/100 [00:00<00:01, 67.96it/s, auc=0.7412, lr=9.05e-04, train=0.0023, val=3.1728]Training LSTM:  14%|█▍        | 14/100 [00:00<00:01, 67.96it/s, auc=0.7424, lr=8.95e-04, train=0.0017, val=3.2673]Training LSTM:  21%|██        | 21/100 [00:00<00:01, 68.32it/s, auc=0.7424, lr=8.95e-04, train=0.0017, val=3.2673]Training LSTM:  21%|██        | 21/100 [00:00<00:01, 68.32it/s, auc=0.7422, lr=8.85e-04, train=0.0016, val=3.3580]Training LSTM:  21%|██        | 21/100 [00:00<00:01, 68.32it/s, auc=0.7449, lr=8.75e-04, train=0.0012, val=3.4278]Training LSTM:  21%|██        | 21/100 [00:00<00:01, 68.32it/s, auc=0.7463, lr=8.64e-04, train=0.0008, val=3.4753]Training LSTM:  21%|██        | 21/100 [00:00<00:01, 68.32it/s, auc=0.7471, lr=8.54e-04, train=0.0011, val=3.4997]Training LSTM:  21%|██        | 21/100 [00:00<00:01, 68.32it/s, auc=0.7493, lr=8.42e-04, train=0.0010, val=3.4866]Training LSTM:  21%|██        | 21/100 [00:00<00:01, 68.32it/s, auc=0.7522, lr=8.31e-04, train=0.0007, val=3.4689]Training LSTM:  21%|██        | 21/100 [00:00<00:01, 68.32it/s, auc=0.7532, lr=8.19e-04, train=0.0006, val=3.4632]Training LSTM:  28%|██▊       | 28/100 [00:00<00:01, 68.42it/s, auc=0.7532, lr=8.19e-04, train=0.0006, val=3.4632]Training LSTM:  28%|██▊       | 28/100 [00:00<00:01, 68.42it/s, auc=0.7532, lr=8.06e-04, train=0.0005, val=3.4650]Training LSTM:  28%|██▊       | 28/100 [00:00<00:01, 68.42it/s, auc=0.7524, lr=7.94e-04, train=0.0005, val=3.4781]Training LSTM:  28%|██▊       | 28/100 [00:00<00:01, 68.42it/s, auc=0.7507, lr=7.81e-04, train=0.0005, val=3.4953]Training LSTM:  28%|██▊       | 28/100 [00:00<00:01, 68.42it/s, auc=0.7505, lr=7.68e-04, train=0.0005, val=3.5170]Training LSTM:  28%|██▊       | 28/100 [00:00<00:01, 68.42it/s, auc=0.7502, lr=7.55e-04, train=0.0005, val=3.5411]Training LSTM:  28%|██▊       | 28/100 [00:00<00:01, 68.42it/s, Early stop @ epoch 33]                            Training LSTM:  32%|███▏      | 32/100 [00:00<00:01, 66.19it/s, Early stop @ epoch 33]

✓ Best model loaded (epoch 3, val_loss=0.898567, val_auc=0.802002)
Temperature calibration on the validation set...
✓ Calibration : T = 1.3663, bias = -0.6179
      -> Stage 60% (256 patients) [TEMPORARY]
Training LSTM:   0%|          | 0/100 [00:00<?, ?it/s]Training LSTM:   0%|          | 0/100 [00:00<?, ?it/s, auc=0.7747, lr=1.00e-03, train=0.9922, val=0.8450]Training LSTM:   0%|          | 0/100 [00:00<?, ?it/s, auc=0.7837, lr=9.99e-04, train=0.7578, val=0.8855]Training LSTM:   0%|          | 0/100 [00:00<?, ?it/s, auc=0.7764, lr=9.98e-04, train=0.6481, val=0.9225]Training LSTM:   0%|          | 0/100 [00:00<?, ?it/s, auc=0.7712, lr=9.96e-04, train=0.5518, val=0.9655]Training LSTM:   0%|          | 0/100 [00:00<?, ?it/s, auc=0.7637, lr=9.94e-04, train=0.5288, val=0.9855]Training LSTM:   0%|          | 0/100 [00:00<?, ?it/s, auc=0.7705, lr=9.91e-04, train=0.4670, val=1.0543]Training LSTM:   6%|▌         | 6/100 [00:00<00:01, 54.54it/s, auc=0.7705, lr=9.91e-04, train=0.4670, val=1.0543]Training LSTM:   6%|▌         | 6/100 [00:00<00:01, 54.54it/s, auc=0.7698, lr=9.88e-04, train=0.4081, val=1.1650]Training LSTM:   6%|▌         | 6/100 [00:00<00:01, 54.54it/s, auc=0.7585, lr=9.84e-04, train=0.3247, val=1.2713]Training LSTM:   6%|▌         | 6/100 [00:00<00:01, 54.54it/s, auc=0.7568, lr=9.80e-04, train=0.2914, val=1.4418]Training LSTM:   6%|▌         | 6/100 [00:00<00:01, 54.54it/s, auc=0.7588, lr=9.76e-04, train=0.2226, val=1.6507]Training LSTM:   6%|▌         | 6/100 [00:00<00:01, 54.54it/s, auc=0.7605, lr=9.70e-04, train=0.1871, val=1.8027]Training LSTM:   6%|▌         | 6/100 [00:00<00:01, 54.54it/s, auc=0.7607, lr=9.65e-04, train=0.1438, val=1.7931]Training LSTM:  12%|█▏        | 12/100 [00:00<00:01, 55.22it/s, auc=0.7607, lr=9.65e-04, train=0.1438, val=1.7931]Training LSTM:  12%|█▏        | 12/100 [00:00<00:01, 55.22it/s, auc=0.7642, lr=9.59e-04, train=0.1199, val=2.1392]Training LSTM:  12%|█▏        | 12/100 [00:00<00:01, 55.22it/s, auc=0.7500, lr=9.52e-04, train=0.0702, val=2.1540]Training LSTM:  12%|█▏        | 12/100 [00:00<00:01, 55.22it/s, auc=0.7458, lr=9.46e-04, train=0.0456, val=2.5825]Training LSTM:  12%|█▏        | 12/100 [00:00<00:01, 55.22it/s, auc=0.7463, lr=9.38e-04, train=0.0952, val=2.5604]Training LSTM:  12%|█▏        | 12/100 [00:00<00:01, 55.22it/s, auc=0.7490, lr=9.30e-04, train=0.0517, val=2.4145]Training LSTM:  12%|█▏        | 12/100 [00:00<00:01, 55.22it/s, auc=0.7554, lr=9.22e-04, train=0.0327, val=2.6018]Training LSTM:  18%|█▊        | 18/100 [00:00<00:01, 55.43it/s, auc=0.7554, lr=9.22e-04, train=0.0327, val=2.6018]Training LSTM:  18%|█▊        | 18/100 [00:00<00:01, 55.43it/s, auc=0.7549, lr=9.14e-04, train=0.0596, val=2.6088]Training LSTM:  18%|█▊        | 18/100 [00:00<00:01, 55.43it/s, auc=0.7576, lr=9.05e-04, train=0.0168, val=2.4919]Training LSTM:  18%|█▊        | 18/100 [00:00<00:01, 55.43it/s, auc=0.7690, lr=8.95e-04, train=0.0110, val=2.5884]Training LSTM:  18%|█▊        | 18/100 [00:00<00:01, 55.43it/s, auc=0.7690, lr=8.85e-04, train=0.0118, val=2.7064]Training LSTM:  18%|█▊        | 18/100 [00:00<00:01, 55.43it/s, auc=0.7749, lr=8.75e-04, train=0.0047, val=2.8170]Training LSTM:  18%|█▊        | 18/100 [00:00<00:01, 55.43it/s, auc=0.7725, lr=8.64e-04, train=0.0028, val=2.8618]Training LSTM:  24%|██▍       | 24/100 [00:00<00:01, 55.42it/s, auc=0.7725, lr=8.64e-04, train=0.0028, val=2.8618]Training LSTM:  24%|██▍       | 24/100 [00:00<00:01, 55.42it/s, auc=0.7700, lr=8.54e-04, train=0.0027, val=2.8962]Training LSTM:  24%|██▍       | 24/100 [00:00<00:01, 55.42it/s, auc=0.7734, lr=8.42e-04, train=0.0027, val=2.9834]Training LSTM:  24%|██▍       | 24/100 [00:00<00:01, 55.42it/s, auc=0.7720, lr=8.31e-04, train=0.0022, val=3.0267]Training LSTM:  24%|██▍       | 24/100 [00:00<00:01, 55.42it/s, auc=0.7712, lr=8.19e-04, train=0.0015, val=2.9991]Training LSTM:  24%|██▍       | 24/100 [00:00<00:01, 55.42it/s, auc=0.7717, lr=8.06e-04, train=0.0011, val=2.9907]Training LSTM:  24%|██▍       | 24/100 [00:00<00:01, 55.42it/s, auc=0.7717, lr=7.94e-04, train=0.0009, val=3.0007]Training LSTM:  30%|███       | 30/100 [00:00<00:01, 55.40it/s, auc=0.7717, lr=7.94e-04, train=0.0009, val=3.0007]Training LSTM:  30%|███       | 30/100 [00:00<00:01, 55.40it/s, auc=0.7678, lr=7.81e-04, train=0.0010, val=3.0259]Training LSTM:  30%|███       | 30/100 [00:00<00:01, 55.40it/s, auc=0.7651, lr=7.68e-04, train=0.0008, val=3.0571]Training LSTM:  30%|███       | 30/100 [00:00<00:01, 55.40it/s, Early stop @ epoch 32]                            Training LSTM:  31%|███       | 31/100 [00:00<00:01, 53.60it/s, Early stop @ epoch 32]

✓ Best model loaded (epoch 2, val_loss=0.885485, val_auc=0.783691)
Temperature calibration on the validation set...
✓ Calibration : T = 1.6931, bias = -1.1520
      -> Stage 80% (341 patients) [TEMPORARY]
Training LSTM:   0%|          | 0/100 [00:00<?, ?it/s]Training LSTM:   0%|          | 0/100 [00:00<?, ?it/s, auc=0.7915, lr=1.00e-03, train=0.9848, val=0.9716]Training LSTM:   0%|          | 0/100 [00:00<?, ?it/s, auc=0.7839, lr=9.99e-04, train=0.7883, val=0.9928]Training LSTM:   0%|          | 0/100 [00:00<?, ?it/s, auc=0.7834, lr=9.98e-04, train=0.6542, val=1.0133]Training LSTM:   0%|          | 0/100 [00:00<?, ?it/s, auc=0.7791, lr=9.96e-04, train=0.5888, val=1.1441]Training LSTM:   0%|          | 0/100 [00:00<?, ?it/s, auc=0.7737, lr=9.94e-04, train=0.5264, val=1.0862]Training LSTM:   5%|▌         | 5/100 [00:00<00:02, 40.27it/s, auc=0.7737, lr=9.94e-04, train=0.5264, val=1.0862]Training LSTM:   5%|▌         | 5/100 [00:00<00:02, 40.27it/s, auc=0.7786, lr=9.91e-04, train=0.4926, val=1.2293]Training LSTM:   5%|▌         | 5/100 [00:00<00:02, 40.27it/s, auc=0.7634, lr=9.88e-04, train=0.3873, val=1.4219]Training LSTM:   5%|▌         | 5/100 [00:00<00:02, 40.27it/s, auc=0.7485, lr=9.84e-04, train=0.3162, val=1.6064]Training LSTM:   5%|▌         | 5/100 [00:00<00:02, 40.27it/s, auc=0.7568, lr=9.80e-04, train=0.2478, val=1.9795]Training LSTM:   5%|▌         | 5/100 [00:00<00:02, 40.27it/s, auc=0.7529, lr=9.76e-04, train=0.1961, val=2.0764]Training LSTM:  10%|█         | 10/100 [00:00<00:02, 36.49it/s, auc=0.7529, lr=9.76e-04, train=0.1961, val=2.0764]Training LSTM:  10%|█         | 10/100 [00:00<00:02, 36.49it/s, auc=0.7720, lr=9.70e-04, train=0.1590, val=2.5751]Training LSTM:  10%|█         | 10/100 [00:00<00:02, 36.49it/s, auc=0.7537, lr=9.65e-04, train=0.1431, val=2.2506]Training LSTM:  10%|█         | 10/100 [00:00<00:02, 36.49it/s, auc=0.7698, lr=9.59e-04, train=0.1547, val=2.5707]Training LSTM:  10%|█         | 10/100 [00:00<00:02, 36.49it/s, auc=0.7722, lr=9.52e-04, train=0.0584, val=2.5410]Training LSTM:  14%|█▍        | 14/100 [00:00<00:02, 35.74it/s, auc=0.7722, lr=9.52e-04, train=0.0584, val=2.5410]Training LSTM:  14%|█▍        | 14/100 [00:00<00:02, 35.74it/s, auc=0.7642, lr=9.46e-04, train=0.0357, val=2.7806]Training LSTM:  14%|█▍        | 14/100 [00:00<00:02, 35.74it/s, auc=0.7710, lr=9.38e-04, train=0.0334, val=3.1356]Training LSTM:  14%|█▍        | 14/100 [00:00<00:02, 35.74it/s, auc=0.7678, lr=9.30e-04, train=0.0106, val=3.1515]Training LSTM:  14%|█▍        | 14/100 [00:00<00:02, 35.74it/s, auc=0.7634, lr=9.22e-04, train=0.0091, val=3.3894]Training LSTM:  18%|█▊        | 18/100 [00:00<00:02, 35.41it/s, auc=0.7634, lr=9.22e-04, train=0.0091, val=3.3894]Training LSTM:  18%|█▊        | 18/100 [00:00<00:02, 35.41it/s, auc=0.7656, lr=9.14e-04, train=0.0054, val=3.3716]Training LSTM:  18%|█▊        | 18/100 [00:00<00:02, 35.41it/s, auc=0.7642, lr=9.05e-04, train=0.0029, val=3.5067]Training LSTM:  18%|█▊        | 18/100 [00:00<00:02, 35.41it/s, auc=0.7585, lr=8.95e-04, train=0.0063, val=3.6644]Training LSTM:  18%|█▊        | 18/100 [00:00<00:02, 35.41it/s, auc=0.7563, lr=8.85e-04, train=0.0020, val=3.7013]Training LSTM:  22%|██▏       | 22/100 [00:00<00:02, 34.90it/s, auc=0.7563, lr=8.85e-04, train=0.0020, val=3.7013]Training LSTM:  22%|██▏       | 22/100 [00:00<00:02, 34.90it/s, auc=0.7593, lr=8.75e-04, train=0.0014, val=3.7082]Training LSTM:  22%|██▏       | 22/100 [00:00<00:02, 34.90it/s, auc=0.7622, lr=8.64e-04, train=0.0012, val=3.7062]Training LSTM:  22%|██▏       | 22/100 [00:00<00:02, 34.90it/s, auc=0.7673, lr=8.54e-04, train=0.0008, val=3.7530]Training LSTM:  22%|██▏       | 22/100 [00:00<00:02, 34.90it/s, auc=0.7690, lr=8.42e-04, train=0.0007, val=3.7954]Training LSTM:  26%|██▌       | 26/100 [00:00<00:02, 34.72it/s, auc=0.7690, lr=8.42e-04, train=0.0007, val=3.7954]Training LSTM:  26%|██▌       | 26/100 [00:00<00:02, 34.72it/s, auc=0.7715, lr=8.31e-04, train=0.0006, val=3.8404]Training LSTM:  26%|██▌       | 26/100 [00:00<00:02, 34.72it/s, auc=0.7710, lr=8.19e-04, train=0.0006, val=3.8845]Training LSTM:  26%|██▌       | 26/100 [00:00<00:02, 34.72it/s, auc=0.7708, lr=8.06e-04, train=0.0005, val=3.9102]Training LSTM:  26%|██▌       | 26/100 [00:00<00:02, 34.72it/s, auc=0.7715, lr=7.94e-04, train=0.0006, val=3.9327]Training LSTM:  30%|███       | 30/100 [00:00<00:02, 34.61it/s, auc=0.7715, lr=7.94e-04, train=0.0006, val=3.9327]Training LSTM:  30%|███       | 30/100 [00:00<00:02, 34.61it/s, auc=0.7720, lr=7.81e-04, train=0.0005, val=3.9464]Training LSTM:  30%|███       | 30/100 [00:00<00:02, 34.61it/s, Early stop @ epoch 31]                            Training LSTM:  30%|███       | 30/100 [00:00<00:02, 34.15it/s, Early stop @ epoch 31]

✓ Best model loaded (epoch 1, val_loss=0.971620, val_auc=0.791504)
Temperature calibration on the validation set...
✓ Calibration : T = 1.5307, bias = -0.8439
      -> Stage 100% (427 patients) [FINAL TRAINING & DISK SAVE]
Training LSTM:   0%|          | 0/100 [00:00<?, ?it/s]Training LSTM:   0%|          | 0/100 [00:00<?, ?it/s, auc=0.7715, lr=1.00e-03, train=1.0287, val=1.0216]Training LSTM:   0%|          | 0/100 [00:00<?, ?it/s, auc=0.7825, lr=9.99e-04, train=0.8085, val=1.0117]Training LSTM:   0%|          | 0/100 [00:00<?, ?it/s, auc=0.7620, lr=9.98e-04, train=0.7159, val=1.0377]Training LSTM:   3%|▎         | 3/100 [00:00<00:03, 28.61it/s, auc=0.7620, lr=9.98e-04, train=0.7159, val=1.0377]Training LSTM:   3%|▎         | 3/100 [00:00<00:03, 28.61it/s, auc=0.7781, lr=9.96e-04, train=0.6471, val=1.1157]Training LSTM:   3%|▎         | 3/100 [00:00<00:03, 28.61it/s, auc=0.7700, lr=9.94e-04, train=0.5902, val=1.0940]Training LSTM:   3%|▎         | 3/100 [00:00<00:03, 28.61it/s, auc=0.7410, lr=9.91e-04, train=0.5083, val=1.4374]Training LSTM:   3%|▎         | 3/100 [00:00<00:03, 28.61it/s, auc=0.7351, lr=9.88e-04, train=0.4610, val=1.4924]Training LSTM:   7%|▋         | 7/100 [00:00<00:02, 31.21it/s, auc=0.7351, lr=9.88e-04, train=0.4610, val=1.4924]Training LSTM:   7%|▋         | 7/100 [00:00<00:02, 31.21it/s, auc=0.7683, lr=9.84e-04, train=0.3990, val=1.7485]Training LSTM:   7%|▋         | 7/100 [00:00<00:02, 31.21it/s, auc=0.7246, lr=9.80e-04, train=0.3210, val=1.8380]Training LSTM:   7%|▋         | 7/100 [00:00<00:02, 31.21it/s, auc=0.7285, lr=9.76e-04, train=0.2546, val=2.1799]Training LSTM:   7%|▋         | 7/100 [00:00<00:02, 31.21it/s, auc=0.7556, lr=9.70e-04, train=0.1914, val=2.5422]Training LSTM:  11%|█         | 11/100 [00:00<00:02, 33.26it/s, auc=0.7556, lr=9.70e-04, train=0.1914, val=2.5422]Training LSTM:  11%|█         | 11/100 [00:00<00:02, 33.26it/s, auc=0.7468, lr=9.65e-04, train=0.1588, val=2.6882]Training LSTM:  11%|█         | 11/100 [00:00<00:02, 33.26it/s, auc=0.7588, lr=9.59e-04, train=0.1179, val=2.4751]Training LSTM:  11%|█         | 11/100 [00:00<00:02, 33.26it/s, auc=0.7656, lr=9.52e-04, train=0.1206, val=3.1045]Training LSTM:  11%|█         | 11/100 [00:00<00:02, 33.26it/s, auc=0.7517, lr=9.46e-04, train=0.0785, val=2.7202]Training LSTM:  15%|█▌        | 15/100 [00:00<00:02, 34.23it/s, auc=0.7517, lr=9.46e-04, train=0.0785, val=2.7202]Training LSTM:  15%|█▌        | 15/100 [00:00<00:02, 34.23it/s, auc=0.7581, lr=9.38e-04, train=0.0443, val=3.4124]Training LSTM:  15%|█▌        | 15/100 [00:00<00:02, 34.23it/s, auc=0.7449, lr=9.30e-04, train=0.1331, val=3.1928]Training LSTM:  15%|█▌        | 15/100 [00:00<00:02, 34.23it/s, auc=0.7378, lr=9.22e-04, train=0.0454, val=3.4032]Training LSTM:  15%|█▌        | 15/100 [00:00<00:02, 34.23it/s, auc=0.7476, lr=9.14e-04, train=0.1214, val=3.2480]Training LSTM:  19%|█▉        | 19/100 [00:00<00:02, 34.75it/s, auc=0.7476, lr=9.14e-04, train=0.1214, val=3.2480]Training LSTM:  19%|█▉        | 19/100 [00:00<00:02, 34.75it/s, auc=0.7385, lr=9.05e-04, train=0.0162, val=3.2314]Training LSTM:  19%|█▉        | 19/100 [00:00<00:02, 34.75it/s, auc=0.7319, lr=8.95e-04, train=0.0117, val=3.6705]Training LSTM:  19%|█▉        | 19/100 [00:00<00:02, 34.75it/s, auc=0.7302, lr=8.85e-04, train=0.0093, val=3.6190]Training LSTM:  19%|█▉        | 19/100 [00:00<00:02, 34.75it/s, auc=0.7354, lr=8.75e-04, train=0.0059, val=3.9627]Training LSTM:  23%|██▎       | 23/100 [00:00<00:02, 35.08it/s, auc=0.7354, lr=8.75e-04, train=0.0059, val=3.9627]Training LSTM:  23%|██▎       | 23/100 [00:00<00:02, 35.08it/s, auc=0.7283, lr=8.64e-04, train=0.0082, val=3.9359]Training LSTM:  23%|██▎       | 23/100 [00:00<00:02, 35.08it/s, auc=0.7261, lr=8.54e-04, train=0.0031, val=4.1697]Training LSTM:  23%|██▎       | 23/100 [00:00<00:02, 35.08it/s, auc=0.7261, lr=8.42e-04, train=0.0017, val=4.2422]Training LSTM:  23%|██▎       | 23/100 [00:00<00:02, 35.08it/s, auc=0.7271, lr=8.31e-04, train=0.0011, val=4.2272]Training LSTM:  27%|██▋       | 27/100 [00:00<00:02, 35.27it/s, auc=0.7271, lr=8.31e-04, train=0.0011, val=4.2272]Training LSTM:  27%|██▋       | 27/100 [00:00<00:02, 35.27it/s, auc=0.7288, lr=8.19e-04, train=0.0008, val=4.2397]Training LSTM:  27%|██▋       | 27/100 [00:00<00:02, 35.27it/s, auc=0.7285, lr=8.06e-04, train=0.0008, val=4.2665]Training LSTM:  27%|██▋       | 27/100 [00:00<00:02, 35.27it/s, auc=0.7288, lr=7.94e-04, train=0.0008, val=4.2970]Training LSTM:  27%|██▋       | 27/100 [00:00<00:02, 35.27it/s, auc=0.7273, lr=7.81e-04, train=0.0006, val=4.3406]Training LSTM:  31%|███       | 31/100 [00:00<00:01, 35.43it/s, auc=0.7273, lr=7.81e-04, train=0.0006, val=4.3406]Training LSTM:  31%|███       | 31/100 [00:00<00:01, 35.43it/s, auc=0.7258, lr=7.68e-04, train=0.0006, val=4.3849]Training LSTM:  31%|███       | 31/100 [00:00<00:01, 35.43it/s, Early stop @ epoch 32]                            Training LSTM:  31%|███       | 31/100 [00:00<00:02, 33.45it/s, Early stop @ epoch 32]

✓ Best model loaded (epoch 2, val_loss=1.011692, val_auc=0.782471)
Temperature calibration on the validation set...
✓ Calibration : T = 1.5357, bias = -0.9679
[2026-09-15 17:51:35] [STAGE] Training fold 3/5

─────────────────── Training Fold 3/5 ───────────────────
    [INFO] Calibration enabled (temperature_scaling). Splitting the fold with StratifiedGroupKFold...
    [LEARNING CURVE] Starting the unified learning-curve stage loop...
      -> Stage 20% (85 patients) [TEMPORARY]
Training LSTM:   0%|          | 0/100 [00:00<?, ?it/s]Training LSTM:   0%|          | 0/100 [00:00<?, ?it/s, auc=0.6987, lr=1.00e-03, train=1.1168, val=1.2347]Training LSTM:   0%|          | 0/100 [00:00<?, ?it/s, auc=0.7136, lr=9.99e-04, train=0.7126, val=1.4567]Training LSTM:   0%|          | 0/100 [00:00<?, ?it/s, auc=0.7117, lr=9.98e-04, train=0.6051, val=1.8150]Training LSTM:   0%|          | 0/100 [00:00<?, ?it/s, auc=0.7122, lr=9.96e-04, train=0.5251, val=1.7918]Training LSTM:   0%|          | 0/100 [00:00<?, ?it/s, auc=0.7104, lr=9.94e-04, train=0.4028, val=1.8610]Training LSTM:   0%|          | 0/100 [00:00<?, ?it/s, auc=0.7112, lr=9.91e-04, train=0.2543, val=2.0478]Training LSTM:   0%|          | 0/100 [00:00<?, ?it/s, auc=0.7166, lr=9.88e-04, train=0.2124, val=2.3357]Training LSTM:   0%|          | 0/100 [00:00<?, ?it/s, auc=0.7188, lr=9.84e-04, train=0.1357, val=2.6530]Training LSTM:   0%|          | 0/100 [00:00<?, ?it/s, auc=0.7239, lr=9.80e-04, train=0.0825, val=3.1520]Training LSTM:   9%|▉         | 9/100 [00:00<00:01, 86.55it/s, auc=0.7239, lr=9.80e-04, train=0.0825, val=3.1520]Training LSTM:   9%|▉         | 9/100 [00:00<00:01, 86.55it/s, auc=0.7273, lr=9.76e-04, train=0.0411, val=3.6223]Training LSTM:   9%|▉         | 9/100 [00:00<00:01, 86.55it/s, auc=0.7271, lr=9.70e-04, train=0.0241, val=4.0851]Training LSTM:   9%|▉         | 9/100 [00:00<00:01, 86.55it/s, auc=0.7273, lr=9.65e-04, train=0.0260, val=4.4038]Training LSTM:   9%|▉         | 9/100 [00:00<00:01, 86.55it/s, auc=0.7297, lr=9.59e-04, train=0.0072, val=4.6762]Training LSTM:   9%|▉         | 9/100 [00:00<00:01, 86.55it/s, auc=0.7290, lr=9.52e-04, train=0.0043, val=4.8732]Training LSTM:   9%|▉         | 9/100 [00:00<00:01, 86.55it/s, auc=0.7288, lr=9.46e-04, train=0.0028, val=5.0528]Training LSTM:   9%|▉         | 9/100 [00:00<00:01, 86.55it/s, auc=0.7273, lr=9.38e-04, train=0.0027, val=5.2369]Training LSTM:   9%|▉         | 9/100 [00:00<00:01, 86.55it/s, auc=0.7253, lr=9.30e-04, train=0.0014, val=5.4082]Training LSTM:   9%|▉         | 9/100 [00:00<00:01, 86.55it/s, auc=0.7227, lr=9.22e-04, train=0.0012, val=5.5574]Training LSTM:  18%|█▊        | 18/100 [00:00<00:00, 88.16it/s, auc=0.7227, lr=9.22e-04, train=0.0012, val=5.5574]Training LSTM:  18%|█▊        | 18/100 [00:00<00:00, 88.16it/s, auc=0.7205, lr=9.14e-04, train=0.0010, val=5.6841]Training LSTM:  18%|█▊        | 18/100 [00:00<00:00, 88.16it/s, auc=0.7190, lr=9.05e-04, train=0.0008, val=5.7904]Training LSTM:  18%|█▊        | 18/100 [00:00<00:00, 88.16it/s, auc=0.7175, lr=8.95e-04, train=0.0007, val=5.8811]Training LSTM:  18%|█▊        | 18/100 [00:00<00:00, 88.16it/s, auc=0.7144, lr=8.85e-04, train=0.0007, val=5.9624]Training LSTM:  18%|█▊        | 18/100 [00:00<00:00, 88.16it/s, auc=0.7131, lr=8.75e-04, train=0.0005, val=6.0367]Training LSTM:  18%|█▊        | 18/100 [00:00<00:00, 88.16it/s, auc=0.7109, lr=8.64e-04, train=0.0006, val=6.1027]Training LSTM:  18%|█▊        | 18/100 [00:00<00:00, 88.16it/s, auc=0.7092, lr=8.54e-04, train=0.0005, val=6.1605]Training LSTM:  18%|█▊        | 18/100 [00:00<00:00, 88.16it/s, auc=0.7092, lr=8.42e-04, train=0.0005, val=6.2108]Training LSTM:  18%|█▊        | 18/100 [00:00<00:00, 88.16it/s, auc=0.7092, lr=8.31e-04, train=0.0005, val=6.2540]Training LSTM:  18%|█▊        | 18/100 [00:00<00:00, 88.16it/s, auc=0.7090, lr=8.19e-04, train=0.0004, val=6.2918]Training LSTM:  28%|██▊       | 28/100 [00:00<00:00, 89.21it/s, auc=0.7090, lr=8.19e-04, train=0.0004, val=6.2918]Training LSTM:  28%|██▊       | 28/100 [00:00<00:00, 89.21it/s, auc=0.7085, lr=8.06e-04, train=0.0005, val=6.3245]Training LSTM:  28%|██▊       | 28/100 [00:00<00:00, 89.21it/s, auc=0.7080, lr=7.94e-04, train=0.0004, val=6.3532]Training LSTM:  28%|██▊       | 28/100 [00:00<00:00, 89.21it/s, auc=0.7075, lr=7.81e-04, train=0.0004, val=6.3786]Training LSTM:  28%|██▊       | 28/100 [00:00<00:00, 89.21it/s, auc=0.7073, lr=7.68e-04, train=0.0004, val=6.4012]Training LSTM:  28%|██▊       | 28/100 [00:00<00:00, 89.21it/s, auc=0.7070, lr=7.55e-04, train=0.0005, val=6.4220]Training LSTM:  28%|██▊       | 28/100 [00:00<00:00, 89.21it/s, auc=0.7073, lr=7.41e-04, train=0.0004, val=6.4407]Training LSTM:  28%|██▊       | 28/100 [00:00<00:00, 89.21it/s, auc=0.7078, lr=7.27e-04, train=0.0004, val=6.4581]Training LSTM:  28%|██▊       | 28/100 [00:00<00:00, 89.21it/s, auc=0.7085, lr=7.13e-04, train=0.0003, val=6.4740]Training LSTM:  28%|██▊       | 28/100 [00:00<00:00, 89.21it/s, auc=0.7085, lr=6.99e-04, train=0.0004, val=6.4892]Training LSTM:  28%|██▊       | 28/100 [00:00<00:00, 89.21it/s, auc=0.7087, lr=6.84e-04, train=0.0003, val=6.5037]Training LSTM:  38%|███▊      | 38/100 [00:00<00:00, 89.64it/s, auc=0.7087, lr=6.84e-04, train=0.0003, val=6.5037]Training LSTM:  38%|███▊      | 38/100 [00:00<00:00, 89.64it/s, auc=0.7090, lr=6.69e-04, train=0.0003, val=6.5171]Training LSTM:  38%|███▊      | 38/100 [00:00<00:00, 89.64it/s, auc=0.7087, lr=6.55e-04, train=0.0003, val=6.5298]Training LSTM:  38%|███▊      | 38/100 [00:00<00:00, 89.64it/s, auc=0.7092, lr=6.39e-04, train=0.0004, val=6.5418]Training LSTM:  38%|███▊      | 38/100 [00:00<00:00, 89.64it/s, auc=0.7092, lr=6.24e-04, train=0.0003, val=6.5530]Training LSTM:  38%|███▊      | 38/100 [00:00<00:00, 89.64it/s, auc=0.7092, lr=6.09e-04, train=0.0003, val=6.5633]Training LSTM:  38%|███▊      | 38/100 [00:00<00:00, 89.64it/s, Early stop @ epoch 43]                            Training LSTM:  42%|████▏     | 42/100 [00:00<00:00, 87.18it/s, Early stop @ epoch 43]

✓ Best model loaded (epoch 13, val_loss=4.676153, val_auc=0.729736)
Temperature calibration on the validation set...
✓ Calibration : T = 8.4152, bias = -0.9348
      -> Stage 40% (170 patients) [TEMPORARY]
Training LSTM:   0%|          | 0/100 [00:00<?, ?it/s]Training LSTM:   0%|          | 0/100 [00:00<?, ?it/s, auc=0.7512, lr=1.00e-03, train=1.1431, val=0.9769]Training LSTM:   0%|          | 0/100 [00:00<?, ?it/s, auc=0.7612, lr=9.99e-04, train=0.8164, val=1.0105]Training LSTM:   0%|          | 0/100 [00:00<?, ?it/s, auc=0.7627, lr=9.98e-04, train=0.6540, val=1.1252]Training LSTM:   0%|          | 0/100 [00:00<?, ?it/s, auc=0.7664, lr=9.96e-04, train=0.5171, val=1.1339]Training LSTM:   0%|          | 0/100 [00:00<?, ?it/s, auc=0.7617, lr=9.94e-04, train=0.4799, val=1.1658]Training LSTM:   0%|          | 0/100 [00:00<?, ?it/s, auc=0.7573, lr=9.91e-04, train=0.3984, val=1.3221]Training LSTM:   0%|          | 0/100 [00:00<?, ?it/s, auc=0.7410, lr=9.88e-04, train=0.3342, val=1.4234]Training LSTM:   7%|▋         | 7/100 [00:00<00:01, 66.35it/s, auc=0.7410, lr=9.88e-04, train=0.3342, val=1.4234]Training LSTM:   7%|▋         | 7/100 [00:00<00:01, 66.35it/s, auc=0.7456, lr=9.84e-04, train=0.2474, val=1.6740]Training LSTM:   7%|▋         | 7/100 [00:00<00:01, 66.35it/s, auc=0.7493, lr=9.80e-04, train=0.1979, val=1.8383]Training LSTM:   7%|▋         | 7/100 [00:00<00:01, 66.35it/s, auc=0.7466, lr=9.76e-04, train=0.1531, val=2.1391]Training LSTM:   7%|▋         | 7/100 [00:00<00:01, 66.35it/s, auc=0.7476, lr=9.70e-04, train=0.1037, val=2.4703]Training LSTM:   7%|▋         | 7/100 [00:00<00:01, 66.35it/s, auc=0.7444, lr=9.65e-04, train=0.0749, val=2.5023]Training LSTM:   7%|▋         | 7/100 [00:00<00:01, 66.35it/s, auc=0.7283, lr=9.59e-04, train=0.0479, val=2.8070]Training LSTM:   7%|▋         | 7/100 [00:00<00:01, 66.35it/s, auc=0.7197, lr=9.52e-04, train=0.0224, val=3.4112]Training LSTM:  14%|█▍        | 14/100 [00:00<00:01, 67.78it/s, auc=0.7197, lr=9.52e-04, train=0.0224, val=3.4112]Training LSTM:  14%|█▍        | 14/100 [00:00<00:01, 67.78it/s, auc=0.6956, lr=9.46e-04, train=0.0162, val=3.7088]Training LSTM:  14%|█▍        | 14/100 [00:00<00:01, 67.78it/s, auc=0.6802, lr=9.38e-04, train=0.0072, val=3.8919]Training LSTM:  14%|█▍        | 14/100 [00:00<00:01, 67.78it/s, auc=0.6829, lr=9.30e-04, train=0.0117, val=4.1361]Training LSTM:  14%|█▍        | 14/100 [00:00<00:01, 67.78it/s, auc=0.6953, lr=9.22e-04, train=0.0045, val=4.2860]Training LSTM:  14%|█▍        | 14/100 [00:00<00:01, 67.78it/s, auc=0.7107, lr=9.14e-04, train=0.0027, val=4.2916]Training LSTM:  14%|█▍        | 14/100 [00:00<00:01, 67.78it/s, auc=0.7183, lr=9.05e-04, train=0.0026, val=4.2340]Training LSTM:  14%|█▍        | 14/100 [00:00<00:01, 67.78it/s, auc=0.7205, lr=8.95e-04, train=0.0022, val=4.1771]Training LSTM:  21%|██        | 21/100 [00:00<00:01, 68.18it/s, auc=0.7205, lr=8.95e-04, train=0.0022, val=4.1771]Training LSTM:  21%|██        | 21/100 [00:00<00:01, 68.18it/s, auc=0.7209, lr=8.85e-04, train=0.0016, val=4.1621]Training LSTM:  21%|██        | 21/100 [00:00<00:01, 68.18it/s, auc=0.7207, lr=8.75e-04, train=0.0014, val=4.1898]Training LSTM:  21%|██        | 21/100 [00:00<00:01, 68.18it/s, auc=0.7207, lr=8.64e-04, train=0.0011, val=4.2225]Training LSTM:  21%|██        | 21/100 [00:00<00:01, 68.18it/s, auc=0.7224, lr=8.54e-04, train=0.0009, val=4.2664]Training LSTM:  21%|██        | 21/100 [00:00<00:01, 68.18it/s, auc=0.7222, lr=8.42e-04, train=0.0010, val=4.3176]Training LSTM:  21%|██        | 21/100 [00:00<00:01, 68.18it/s, auc=0.7219, lr=8.31e-04, train=0.0010, val=4.3738]Training LSTM:  21%|██        | 21/100 [00:00<00:01, 68.18it/s, auc=0.7224, lr=8.19e-04, train=0.0008, val=4.4260]Training LSTM:  28%|██▊       | 28/100 [00:00<00:01, 68.36it/s, auc=0.7224, lr=8.19e-04, train=0.0008, val=4.4260]Training LSTM:  28%|██▊       | 28/100 [00:00<00:01, 68.36it/s, auc=0.7227, lr=8.06e-04, train=0.0008, val=4.4782]Training LSTM:  28%|██▊       | 28/100 [00:00<00:01, 68.36it/s, auc=0.7239, lr=7.94e-04, train=0.0007, val=4.5268]Training LSTM:  28%|██▊       | 28/100 [00:00<00:01, 68.36it/s, auc=0.7246, lr=7.81e-04, train=0.0006, val=4.5668]Training LSTM:  28%|██▊       | 28/100 [00:00<00:01, 68.36it/s, auc=0.7249, lr=7.68e-04, train=0.0006, val=4.6026]Training LSTM:  28%|██▊       | 28/100 [00:00<00:01, 68.36it/s, auc=0.7253, lr=7.55e-04, train=0.0006, val=4.6356]Training LSTM:  28%|██▊       | 28/100 [00:00<00:01, 68.36it/s, auc=0.7251, lr=7.41e-04, train=0.0006, val=4.6647]Training LSTM:  28%|██▊       | 28/100 [00:00<00:01, 68.36it/s, Early stop @ epoch 34]                            Training LSTM:  33%|███▎      | 33/100 [00:00<00:01, 66.17it/s, Early stop @ epoch 34]

✓ Best model loaded (epoch 4, val_loss=1.133863, val_auc=0.766357)
Temperature calibration on the validation set...
✓ Calibration : T = 2.1820, bias = -0.9759
      -> Stage 60% (255 patients) [TEMPORARY]
Training LSTM:   0%|          | 0/100 [00:00<?, ?it/s]Training LSTM:   0%|          | 0/100 [00:00<?, ?it/s, auc=0.7344, lr=1.00e-03, train=0.9970, val=1.0423]Training LSTM:   0%|          | 0/100 [00:00<?, ?it/s, auc=0.7603, lr=9.99e-04, train=0.7626, val=1.0862]Training LSTM:   0%|          | 0/100 [00:00<?, ?it/s, auc=0.7593, lr=9.98e-04, train=0.6453, val=1.0228]Training LSTM:   0%|          | 0/100 [00:00<?, ?it/s, auc=0.7627, lr=9.96e-04, train=0.5420, val=1.0458]Training LSTM:   0%|          | 0/100 [00:00<?, ?it/s, auc=0.7615, lr=9.94e-04, train=0.4461, val=1.1042]Training LSTM:   0%|          | 0/100 [00:00<?, ?it/s, auc=0.7627, lr=9.91e-04, train=0.4036, val=1.2046]Training LSTM:   6%|▌         | 6/100 [00:00<00:01, 53.56it/s, auc=0.7627, lr=9.91e-04, train=0.4036, val=1.2046]Training LSTM:   6%|▌         | 6/100 [00:00<00:01, 53.56it/s, auc=0.7615, lr=9.88e-04, train=0.3348, val=1.4027]Training LSTM:   6%|▌         | 6/100 [00:00<00:01, 53.56it/s, auc=0.7620, lr=9.84e-04, train=0.3069, val=1.4309]Training LSTM:   6%|▌         | 6/100 [00:00<00:01, 53.56it/s, auc=0.7612, lr=9.80e-04, train=0.2289, val=1.5821]Training LSTM:   6%|▌         | 6/100 [00:00<00:01, 53.56it/s, auc=0.7610, lr=9.76e-04, train=0.1669, val=1.8453]Training LSTM:   6%|▌         | 6/100 [00:00<00:01, 53.56it/s, auc=0.7595, lr=9.70e-04, train=0.1304, val=2.2934]Training LSTM:   6%|▌         | 6/100 [00:00<00:01, 53.56it/s, auc=0.7561, lr=9.65e-04, train=0.0763, val=2.5432]Training LSTM:  12%|█▏        | 12/100 [00:00<00:01, 54.64it/s, auc=0.7561, lr=9.65e-04, train=0.0763, val=2.5432]Training LSTM:  12%|█▏        | 12/100 [00:00<00:01, 54.64it/s, auc=0.7542, lr=9.59e-04, train=0.0726, val=2.9106]Training LSTM:  12%|█▏        | 12/100 [00:00<00:01, 54.64it/s, auc=0.7539, lr=9.52e-04, train=0.0216, val=2.9951]Training LSTM:  12%|█▏        | 12/100 [00:00<00:01, 54.64it/s, auc=0.7554, lr=9.46e-04, train=0.0148, val=3.2150]Training LSTM:  12%|█▏        | 12/100 [00:00<00:01, 54.64it/s, auc=0.7505, lr=9.38e-04, train=0.0087, val=3.5786]Training LSTM:  12%|█▏        | 12/100 [00:00<00:01, 54.64it/s, auc=0.7468, lr=9.30e-04, train=0.0041, val=3.8216]Training LSTM:  12%|█▏        | 12/100 [00:00<00:01, 54.64it/s, auc=0.7493, lr=9.22e-04, train=0.0026, val=3.8712]Training LSTM:  18%|█▊        | 18/100 [00:00<00:01, 55.00it/s, auc=0.7493, lr=9.22e-04, train=0.0026, val=3.8712]Training LSTM:  18%|█▊        | 18/100 [00:00<00:01, 55.00it/s, auc=0.7473, lr=9.14e-04, train=0.0020, val=3.8551]Training LSTM:  18%|█▊        | 18/100 [00:00<00:01, 55.00it/s, auc=0.7458, lr=9.05e-04, train=0.0019, val=3.8842]Training LSTM:  18%|█▊        | 18/100 [00:00<00:01, 55.00it/s, auc=0.7432, lr=8.95e-04, train=0.0017, val=3.9807]Training LSTM:  18%|█▊        | 18/100 [00:00<00:01, 55.00it/s, auc=0.7412, lr=8.85e-04, train=0.0013, val=4.0769]Training LSTM:  18%|█▊        | 18/100 [00:00<00:01, 55.00it/s, auc=0.7415, lr=8.75e-04, train=0.0012, val=4.1563]Training LSTM:  18%|█▊        | 18/100 [00:00<00:01, 55.00it/s, auc=0.7422, lr=8.64e-04, train=0.0009, val=4.2157]Training LSTM:  24%|██▍       | 24/100 [00:00<00:01, 55.20it/s, auc=0.7422, lr=8.64e-04, train=0.0009, val=4.2157]Training LSTM:  24%|██▍       | 24/100 [00:00<00:01, 55.20it/s, auc=0.7429, lr=8.54e-04, train=0.0009, val=4.2575]Training LSTM:  24%|██▍       | 24/100 [00:00<00:01, 55.20it/s, auc=0.7432, lr=8.42e-04, train=0.0008, val=4.2778]Training LSTM:  24%|██▍       | 24/100 [00:00<00:01, 55.20it/s, auc=0.7437, lr=8.31e-04, train=0.0009, val=4.2975]Training LSTM:  24%|██▍       | 24/100 [00:00<00:01, 55.20it/s, auc=0.7446, lr=8.19e-04, train=0.0007, val=4.3092]Training LSTM:  24%|██▍       | 24/100 [00:00<00:01, 55.20it/s, auc=0.7441, lr=8.06e-04, train=0.0007, val=4.3367]Training LSTM:  24%|██▍       | 24/100 [00:00<00:01, 55.20it/s, auc=0.7446, lr=7.94e-04, train=0.0007, val=4.3588]Training LSTM:  30%|███       | 30/100 [00:00<00:01, 55.25it/s, auc=0.7446, lr=7.94e-04, train=0.0007, val=4.3588]Training LSTM:  30%|███       | 30/100 [00:00<00:01, 55.25it/s, auc=0.7458, lr=7.81e-04, train=0.0006, val=4.3793]Training LSTM:  30%|███       | 30/100 [00:00<00:01, 55.25it/s, auc=0.7454, lr=7.68e-04, train=0.0006, val=4.4036]Training LSTM:  30%|███       | 30/100 [00:00<00:01, 55.25it/s, auc=0.7451, lr=7.55e-04, train=0.0006, val=4.4215]Training LSTM:  30%|███       | 30/100 [00:00<00:01, 55.25it/s, auc=0.7451, lr=7.41e-04, train=0.0005, val=4.4389]Training LSTM:  30%|███       | 30/100 [00:00<00:01, 55.25it/s, Early stop @ epoch 34]                            Training LSTM:  33%|███▎      | 33/100 [00:00<00:01, 53.46it/s, Early stop @ epoch 34]

✓ Best model loaded (epoch 4, val_loss=1.045840, val_auc=0.762695)
Temperature calibration on the validation set...
✓ Calibration : T = 2.2426, bias = -1.0881
      -> Stage 80% (340 patients) [TEMPORARY]
Training LSTM:   0%|          | 0/100 [00:00<?, ?it/s]Training LSTM:   0%|          | 0/100 [00:00<?, ?it/s, auc=0.7546, lr=1.00e-03, train=1.0090, val=1.1066]Training LSTM:   0%|          | 0/100 [00:00<?, ?it/s, auc=0.7634, lr=9.99e-04, train=0.7831, val=1.0762]Training LSTM:   0%|          | 0/100 [00:00<?, ?it/s, auc=0.7578, lr=9.98e-04, train=0.6573, val=1.0791]Training LSTM:   0%|          | 0/100 [00:00<?, ?it/s, auc=0.7771, lr=9.96e-04, train=0.5574, val=1.1859]Training LSTM:   4%|▍         | 4/100 [00:00<00:02, 39.53it/s, auc=0.7771, lr=9.96e-04, train=0.5574, val=1.1859]Training LSTM:   4%|▍         | 4/100 [00:00<00:02, 39.53it/s, auc=0.7588, lr=9.94e-04, train=0.5227, val=1.2019]Training LSTM:   4%|▍         | 4/100 [00:00<00:02, 39.53it/s, auc=0.7507, lr=9.91e-04, train=0.4658, val=1.4875]Training LSTM:   4%|▍         | 4/100 [00:00<00:02, 39.53it/s, auc=0.7334, lr=9.88e-04, train=0.3679, val=1.5523]Training LSTM:   4%|▍         | 4/100 [00:00<00:02, 39.53it/s, auc=0.7458, lr=9.84e-04, train=0.3126, val=1.9555]Training LSTM:   4%|▍         | 4/100 [00:00<00:02, 39.53it/s, auc=0.7263, lr=9.80e-04, train=0.2250, val=2.3904]Training LSTM:   9%|▉         | 9/100 [00:00<00:02, 40.37it/s, auc=0.7263, lr=9.80e-04, train=0.2250, val=2.3904]Training LSTM:   9%|▉         | 9/100 [00:00<00:02, 40.37it/s, auc=0.7290, lr=9.76e-04, train=0.1809, val=2.7642]Training LSTM:   9%|▉         | 9/100 [00:00<00:02, 40.37it/s, auc=0.7224, lr=9.70e-04, train=0.1049, val=2.9240]Training LSTM:   9%|▉         | 9/100 [00:00<00:02, 40.37it/s, auc=0.7156, lr=9.65e-04, train=0.0560, val=3.3454]Training LSTM:   9%|▉         | 9/100 [00:00<00:02, 40.37it/s, auc=0.6787, lr=9.59e-04, train=0.0314, val=3.7560]Training LSTM:   9%|▉         | 9/100 [00:00<00:02, 40.37it/s, auc=0.7029, lr=9.52e-04, train=0.0265, val=3.7249]Training LSTM:  14%|█▍        | 14/100 [00:00<00:02, 40.56it/s, auc=0.7029, lr=9.52e-04, train=0.0265, val=3.7249]Training LSTM:  14%|█▍        | 14/100 [00:00<00:02, 40.56it/s, auc=0.7085, lr=9.46e-04, train=0.0180, val=3.9659]Training LSTM:  14%|█▍        | 14/100 [00:00<00:02, 40.56it/s, auc=0.7390, lr=9.38e-04, train=0.0271, val=3.5840]Training LSTM:  14%|█▍        | 14/100 [00:00<00:02, 40.56it/s, auc=0.7361, lr=9.30e-04, train=0.0367, val=3.8125]Training LSTM:  14%|█▍        | 14/100 [00:00<00:02, 40.56it/s, auc=0.7319, lr=9.22e-04, train=0.0060, val=3.8703]Training LSTM:  14%|█▍        | 14/100 [00:00<00:02, 40.56it/s, auc=0.7317, lr=9.14e-04, train=0.0041, val=3.9637]Training LSTM:  19%|█▉        | 19/100 [00:00<00:01, 40.67it/s, auc=0.7317, lr=9.14e-04, train=0.0041, val=3.9637]Training LSTM:  19%|█▉        | 19/100 [00:00<00:01, 40.67it/s, auc=0.7124, lr=9.05e-04, train=0.0053, val=4.5570]Training LSTM:  19%|█▉        | 19/100 [00:00<00:01, 40.67it/s, auc=0.7283, lr=8.95e-04, train=0.0049, val=4.3088]Training LSTM:  19%|█▉        | 19/100 [00:00<00:01, 40.67it/s, auc=0.7344, lr=8.85e-04, train=0.0021, val=4.1683]Training LSTM:  19%|█▉        | 19/100 [00:00<00:01, 40.67it/s, auc=0.7192, lr=8.75e-04, train=0.0109, val=4.4215]Training LSTM:  19%|█▉        | 19/100 [00:00<00:01, 40.67it/s, auc=0.7163, lr=8.64e-04, train=0.0017, val=4.5941]Training LSTM:  24%|██▍       | 24/100 [00:00<00:01, 40.76it/s, auc=0.7163, lr=8.64e-04, train=0.0017, val=4.5941]Training LSTM:  24%|██▍       | 24/100 [00:00<00:01, 40.76it/s, auc=0.7144, lr=8.54e-04, train=0.0019, val=4.6498]Training LSTM:  24%|██▍       | 24/100 [00:00<00:01, 40.76it/s, auc=0.7180, lr=8.42e-04, train=0.0012, val=4.5912]Training LSTM:  24%|██▍       | 24/100 [00:00<00:01, 40.76it/s, auc=0.7224, lr=8.31e-04, train=0.0011, val=4.5274]Training LSTM:  24%|██▍       | 24/100 [00:00<00:01, 40.76it/s, auc=0.7239, lr=8.19e-04, train=0.0008, val=4.5195]Training LSTM:  24%|██▍       | 24/100 [00:00<00:01, 40.76it/s, auc=0.7234, lr=8.06e-04, train=0.0009, val=4.5421]Training LSTM:  29%|██▉       | 29/100 [00:00<00:01, 40.81it/s, auc=0.7234, lr=8.06e-04, train=0.0009, val=4.5421]Training LSTM:  29%|██▉       | 29/100 [00:00<00:01, 40.81it/s, auc=0.7219, lr=7.94e-04, train=0.0006, val=4.5748]Training LSTM:  29%|██▉       | 29/100 [00:00<00:01, 40.81it/s, auc=0.7227, lr=7.81e-04, train=0.0006, val=4.6014]Training LSTM:  29%|██▉       | 29/100 [00:00<00:01, 40.81it/s, auc=0.7212, lr=7.68e-04, train=0.0006, val=4.6261]Training LSTM:  29%|██▉       | 29/100 [00:00<00:01, 40.81it/s, auc=0.7219, lr=7.55e-04, train=0.0006, val=4.6556]Training LSTM:  29%|██▉       | 29/100 [00:00<00:01, 40.81it/s, auc=0.7214, lr=7.41e-04, train=0.0006, val=4.6805]Training LSTM:  29%|██▉       | 29/100 [00:00<00:01, 40.81it/s, Early stop @ epoch 34]                            Training LSTM:  33%|███▎      | 33/100 [00:00<00:01, 39.50it/s, Early stop @ epoch 34]

✓ Best model loaded (epoch 4, val_loss=1.185885, val_auc=0.777100)
Temperature calibration on the validation set...
✓ Calibration : T = 2.2498, bias = -1.0049
      -> Stage 100% (426 patients) [FINAL TRAINING & DISK SAVE]
Training LSTM:   0%|          | 0/100 [00:00<?, ?it/s]Training LSTM:   0%|          | 0/100 [00:00<?, ?it/s, auc=0.7659, lr=1.00e-03, train=0.9582, val=1.0203]Training LSTM:   0%|          | 0/100 [00:00<?, ?it/s, auc=0.7795, lr=9.99e-04, train=0.7620, val=1.0015]Training LSTM:   0%|          | 0/100 [00:00<?, ?it/s, auc=0.7659, lr=9.98e-04, train=0.7108, val=0.9811]Training LSTM:   0%|          | 0/100 [00:00<?, ?it/s, auc=0.7793, lr=9.96e-04, train=0.6086, val=0.9978]Training LSTM:   4%|▍         | 4/100 [00:00<00:02, 32.71it/s, auc=0.7793, lr=9.96e-04, train=0.6086, val=0.9978]Training LSTM:   4%|▍         | 4/100 [00:00<00:02, 32.71it/s, auc=0.7881, lr=9.94e-04, train=0.5587, val=1.0219]Training LSTM:   4%|▍         | 4/100 [00:00<00:02, 32.71it/s, auc=0.7595, lr=9.91e-04, train=0.4973, val=1.2026]Training LSTM:   4%|▍         | 4/100 [00:00<00:02, 32.71it/s, auc=0.7534, lr=9.88e-04, train=0.4354, val=1.4781]Training LSTM:   4%|▍         | 4/100 [00:00<00:02, 32.71it/s, auc=0.7490, lr=9.84e-04, train=0.3485, val=1.3708]Training LSTM:   8%|▊         | 8/100 [00:00<00:02, 33.52it/s, auc=0.7490, lr=9.84e-04, train=0.3485, val=1.3708]Training LSTM:   8%|▊         | 8/100 [00:00<00:02, 33.52it/s, auc=0.7346, lr=9.80e-04, train=0.2801, val=1.7447]Training LSTM:   8%|▊         | 8/100 [00:00<00:02, 33.52it/s, auc=0.7429, lr=9.76e-04, train=0.2282, val=2.1353]Training LSTM:   8%|▊         | 8/100 [00:00<00:02, 33.52it/s, auc=0.7393, lr=9.70e-04, train=0.1519, val=2.1303]Training LSTM:   8%|▊         | 8/100 [00:00<00:02, 33.52it/s, auc=0.7666, lr=9.65e-04, train=0.1109, val=2.8091]Training LSTM:  12%|█▏        | 12/100 [00:00<00:02, 34.49it/s, auc=0.7666, lr=9.65e-04, train=0.1109, val=2.8091]Training LSTM:  12%|█▏        | 12/100 [00:00<00:02, 34.49it/s, auc=0.7354, lr=9.59e-04, train=0.1009, val=2.6916]Training LSTM:  12%|█▏        | 12/100 [00:00<00:02, 34.49it/s, auc=0.7551, lr=9.52e-04, train=0.0781, val=2.8680]Training LSTM:  12%|█▏        | 12/100 [00:00<00:02, 34.49it/s, auc=0.7664, lr=9.46e-04, train=0.0421, val=2.6163]Training LSTM:  12%|█▏        | 12/100 [00:00<00:02, 34.49it/s, auc=0.7356, lr=9.38e-04, train=0.0695, val=2.8991]Training LSTM:  16%|█▌        | 16/100 [00:00<00:02, 34.64it/s, auc=0.7356, lr=9.38e-04, train=0.0695, val=2.8991]Training LSTM:  16%|█▌        | 16/100 [00:00<00:02, 34.64it/s, auc=0.7676, lr=9.30e-04, train=0.0232, val=2.8907]Training LSTM:  16%|█▌        | 16/100 [00:00<00:02, 34.64it/s, auc=0.7739, lr=9.22e-04, train=0.0304, val=2.8438]Training LSTM:  16%|█▌        | 16/100 [00:00<00:02, 34.64it/s, auc=0.7637, lr=9.14e-04, train=0.0069, val=3.2538]Training LSTM:  16%|█▌        | 16/100 [00:00<00:02, 34.64it/s, auc=0.7744, lr=9.05e-04, train=0.0095, val=3.1905]Training LSTM:  20%|██        | 20/100 [00:00<00:02, 34.92it/s, auc=0.7744, lr=9.05e-04, train=0.0095, val=3.1905]Training LSTM:  20%|██        | 20/100 [00:00<00:02, 34.92it/s, auc=0.7808, lr=8.95e-04, train=0.0080, val=3.3712]Training LSTM:  20%|██        | 20/100 [00:00<00:02, 34.92it/s, auc=0.7825, lr=8.85e-04, train=0.0036, val=3.4487]Training LSTM:  20%|██        | 20/100 [00:00<00:02, 34.92it/s, auc=0.7866, lr=8.75e-04, train=0.0018, val=3.2293]Training LSTM:  20%|██        | 20/100 [00:00<00:02, 34.92it/s, auc=0.7852, lr=8.64e-04, train=0.0020, val=3.1456]Training LSTM:  24%|██▍       | 24/100 [00:00<00:02, 35.19it/s, auc=0.7852, lr=8.64e-04, train=0.0020, val=3.1456]Training LSTM:  24%|██▍       | 24/100 [00:00<00:02, 35.19it/s, auc=0.7864, lr=8.54e-04, train=0.0013, val=3.1291]Training LSTM:  24%|██▍       | 24/100 [00:00<00:02, 35.19it/s, auc=0.7837, lr=8.42e-04, train=0.0101, val=3.3009]Training LSTM:  24%|██▍       | 24/100 [00:00<00:02, 35.19it/s, auc=0.7876, lr=8.31e-04, train=0.0023, val=3.4252]Training LSTM:  24%|██▍       | 24/100 [00:00<00:02, 35.19it/s, auc=0.7927, lr=8.19e-04, train=0.0012, val=3.3035]Training LSTM:  28%|██▊       | 28/100 [00:00<00:02, 34.86it/s, auc=0.7927, lr=8.19e-04, train=0.0012, val=3.3035]Training LSTM:  28%|██▊       | 28/100 [00:00<00:02, 34.86it/s, auc=0.7925, lr=8.06e-04, train=0.0017, val=3.5588]Training LSTM:  28%|██▊       | 28/100 [00:00<00:02, 34.86it/s, auc=0.7896, lr=7.94e-04, train=0.0014, val=3.5637]Training LSTM:  28%|██▊       | 28/100 [00:00<00:02, 34.86it/s, auc=0.7869, lr=7.81e-04, train=0.0010, val=3.4552]Training LSTM:  28%|██▊       | 28/100 [00:00<00:02, 34.86it/s, auc=0.7859, lr=7.68e-04, train=0.0007, val=3.4169]Training LSTM:  32%|███▏      | 32/100 [00:00<00:01, 35.06it/s, auc=0.7859, lr=7.68e-04, train=0.0007, val=3.4169]Training LSTM:  32%|███▏      | 32/100 [00:00<00:01, 35.06it/s, auc=0.7859, lr=7.55e-04, train=0.0007, val=3.4204]Training LSTM:  32%|███▏      | 32/100 [00:00<00:01, 35.06it/s, auc=0.7854, lr=7.41e-04, train=0.0006, val=3.4628]Training LSTM:  32%|███▏      | 32/100 [00:01<00:01, 35.06it/s, auc=0.7854, lr=7.27e-04, train=0.0006, val=3.5215]Training LSTM:  32%|███▏      | 32/100 [00:01<00:01, 35.06it/s, auc=0.7854, lr=7.13e-04, train=0.0005, val=3.5790]Training LSTM:  36%|███▌      | 36/100 [00:01<00:01, 35.25it/s, auc=0.7854, lr=7.13e-04, train=0.0005, val=3.5790]Training LSTM:  36%|███▌      | 36/100 [00:01<00:01, 35.25it/s, auc=0.7856, lr=6.99e-04, train=0.0005, val=3.6275]Training LSTM:  36%|███▌      | 36/100 [00:01<00:01, 35.25it/s, auc=0.7859, lr=6.84e-04, train=0.0006, val=3.6650]Training LSTM:  36%|███▌      | 36/100 [00:01<00:01, 35.25it/s, auc=0.7852, lr=6.69e-04, train=0.0004, val=3.6834]Training LSTM:  36%|███▌      | 36/100 [00:01<00:01, 35.25it/s, auc=0.7854, lr=6.55e-04, train=0.0004, val=3.7035]Training LSTM:  40%|████      | 40/100 [00:01<00:01, 35.39it/s, auc=0.7854, lr=6.55e-04, train=0.0004, val=3.7035]Training LSTM:  40%|████      | 40/100 [00:01<00:01, 35.39it/s, auc=0.7859, lr=6.39e-04, train=0.0004, val=3.7235]Training LSTM:  40%|████      | 40/100 [00:01<00:01, 35.39it/s, auc=0.7871, lr=6.24e-04, train=0.0004, val=3.7432]Training LSTM:  40%|████      | 40/100 [00:01<00:01, 35.39it/s, auc=0.7878, lr=6.09e-04, train=0.0004, val=3.7654]Training LSTM:  40%|████      | 40/100 [00:01<00:01, 35.39it/s, auc=0.7883, lr=5.94e-04, train=0.0004, val=3.7843]Training LSTM:  44%|████▍     | 44/100 [00:01<00:01, 35.47it/s, auc=0.7883, lr=5.94e-04, train=0.0004, val=3.7843]Training LSTM:  44%|████▍     | 44/100 [00:01<00:01, 35.47it/s, auc=0.7876, lr=5.78e-04, train=0.0004, val=3.8072]Training LSTM:  44%|████▍     | 44/100 [00:01<00:01, 35.47it/s, auc=0.7874, lr=5.63e-04, train=0.0003, val=3.8247]Training LSTM:  44%|████▍     | 44/100 [00:01<00:01, 35.47it/s, auc=0.7876, lr=5.47e-04, train=0.0003, val=3.8351]Training LSTM:  44%|████▍     | 44/100 [00:01<00:01, 35.47it/s, auc=0.7874, lr=5.31e-04, train=0.0003, val=3.8503]Training LSTM:  48%|████▊     | 48/100 [00:01<00:01, 35.55it/s, auc=0.7874, lr=5.31e-04, train=0.0003, val=3.8503]Training LSTM:  48%|████▊     | 48/100 [00:01<00:01, 35.55it/s, auc=0.7881, lr=5.16e-04, train=0.0003, val=3.8612]Training LSTM:  48%|████▊     | 48/100 [00:01<00:01, 35.55it/s, auc=0.7876, lr=5.00e-04, train=0.0003, val=3.8740]Training LSTM:  48%|████▊     | 48/100 [00:01<00:01, 35.55it/s, auc=0.7876, lr=4.84e-04, train=0.0003, val=3.8834]Training LSTM:  48%|████▊     | 48/100 [00:01<00:01, 35.55it/s, auc=0.7876, lr=4.69e-04, train=0.0003, val=3.8897]Training LSTM:  52%|█████▏    | 52/100 [00:01<00:01, 35.50it/s, auc=0.7876, lr=4.69e-04, train=0.0003, val=3.8897]Training LSTM:  52%|█████▏    | 52/100 [00:01<00:01, 35.50it/s, auc=0.7878, lr=4.53e-04, train=0.0003, val=3.9012]Training LSTM:  52%|█████▏    | 52/100 [00:01<00:01, 35.50it/s, auc=0.7881, lr=4.37e-04, train=0.0003, val=3.9125]Training LSTM:  52%|█████▏    | 52/100 [00:01<00:01, 35.50it/s, auc=0.7886, lr=4.22e-04, train=0.0003, val=3.9227]Training LSTM:  52%|█████▏    | 52/100 [00:01<00:01, 35.50it/s, auc=0.7891, lr=4.06e-04, train=0.0003, val=3.9298]Training LSTM:  56%|█████▌    | 56/100 [00:01<00:01, 35.56it/s, auc=0.7891, lr=4.06e-04, train=0.0003, val=3.9298]Training LSTM:  56%|█████▌    | 56/100 [00:01<00:01, 35.56it/s, auc=0.7896, lr=3.91e-04, train=0.0003, val=3.9352]Training LSTM:  56%|█████▌    | 56/100 [00:01<00:01, 35.56it/s, auc=0.7893, lr=3.76e-04, train=0.0003, val=3.9417]Training LSTM:  56%|█████▌    | 56/100 [00:01<00:01, 35.56it/s, Early stop @ epoch 58]                            Training LSTM:  57%|█████▋    | 57/100 [00:01<00:01, 34.54it/s, Early stop @ epoch 58]

✓ Best model loaded (epoch 28, val_loss=3.303493, val_auc=0.792725)
Temperature calibration on the validation set...
✓ Calibration : T = 7.5008, bias = -0.8292
[2026-09-15 17:51:39] [STAGE] Training fold 4/5

─────────────────── Training Fold 4/5 ───────────────────
    [INFO] Calibration enabled (temperature_scaling). Splitting the fold with StratifiedGroupKFold...
    [LEARNING CURVE] Starting the unified learning-curve stage loop...
      -> Stage 20% (85 patients) [TEMPORARY]
Training LSTM:   0%|          | 0/100 [00:00<?, ?it/s]Training LSTM:   0%|          | 0/100 [00:00<?, ?it/s, auc=0.7942, lr=1.00e-03, train=1.2648, val=1.0207]Training LSTM:   0%|          | 0/100 [00:00<?, ?it/s, auc=0.8096, lr=9.99e-04, train=0.8614, val=0.9693]Training LSTM:   0%|          | 0/100 [00:00<?, ?it/s, auc=0.8096, lr=9.98e-04, train=0.6765, val=1.0050]Training LSTM:   0%|          | 0/100 [00:00<?, ?it/s, auc=0.8032, lr=9.96e-04, train=0.5578, val=1.0873]Training LSTM:   0%|          | 0/100 [00:00<?, ?it/s, auc=0.7991, lr=9.94e-04, train=0.5031, val=1.2455]Training LSTM:   0%|          | 0/100 [00:00<?, ?it/s, auc=0.7803, lr=9.91e-04, train=0.4576, val=1.3313]Training LSTM:   0%|          | 0/100 [00:00<?, ?it/s, auc=0.7703, lr=9.88e-04, train=0.3627, val=1.4667]Training LSTM:   0%|          | 0/100 [00:00<?, ?it/s, auc=0.7673, lr=9.84e-04, train=0.2661, val=1.7042]Training LSTM:   0%|          | 0/100 [00:00<?, ?it/s, auc=0.7781, lr=9.80e-04, train=0.2049, val=2.0249]Training LSTM:   9%|▉         | 9/100 [00:00<00:01, 88.18it/s, auc=0.7781, lr=9.80e-04, train=0.2049, val=2.0249]Training LSTM:   9%|▉         | 9/100 [00:00<00:01, 88.18it/s, auc=0.7883, lr=9.76e-04, train=0.1640, val=2.2495]Training LSTM:   9%|▉         | 9/100 [00:00<00:01, 88.18it/s, auc=0.7913, lr=9.70e-04, train=0.1098, val=2.3686]Training LSTM:   9%|▉         | 9/100 [00:00<00:01, 88.18it/s, auc=0.7937, lr=9.65e-04, train=0.0582, val=2.5455]Training LSTM:   9%|▉         | 9/100 [00:00<00:01, 88.18it/s, auc=0.7925, lr=9.59e-04, train=0.0495, val=2.7160]Training LSTM:   9%|▉         | 9/100 [00:00<00:01, 88.18it/s, auc=0.7954, lr=9.52e-04, train=0.0231, val=2.9512]Training LSTM:   9%|▉         | 9/100 [00:00<00:01, 88.18it/s, auc=0.7949, lr=9.46e-04, train=0.0123, val=3.1831]Training LSTM:   9%|▉         | 9/100 [00:00<00:01, 88.18it/s, auc=0.7957, lr=9.38e-04, train=0.0074, val=3.3865]Training LSTM:   9%|▉         | 9/100 [00:00<00:01, 88.18it/s, auc=0.7959, lr=9.30e-04, train=0.0049, val=3.5407]Training LSTM:   9%|▉         | 9/100 [00:00<00:01, 88.18it/s, auc=0.7976, lr=9.22e-04, train=0.0053, val=3.6371]Training LSTM:   9%|▉         | 9/100 [00:00<00:01, 88.18it/s, auc=0.7976, lr=9.14e-04, train=0.0023, val=3.6954]Training LSTM:  19%|█▉        | 19/100 [00:00<00:00, 89.49it/s, auc=0.7976, lr=9.14e-04, train=0.0023, val=3.6954]Training LSTM:  19%|█▉        | 19/100 [00:00<00:00, 89.49it/s, auc=0.7981, lr=9.05e-04, train=0.0023, val=3.7426]Training LSTM:  19%|█▉        | 19/100 [00:00<00:00, 89.49it/s, auc=0.7981, lr=8.95e-04, train=0.0020, val=3.7805]Training LSTM:  19%|█▉        | 19/100 [00:00<00:00, 89.49it/s, auc=0.7991, lr=8.85e-04, train=0.0014, val=3.8114]Training LSTM:  19%|█▉        | 19/100 [00:00<00:00, 89.49it/s, auc=0.8005, lr=8.75e-04, train=0.0011, val=3.8426]Training LSTM:  19%|█▉        | 19/100 [00:00<00:00, 89.49it/s, auc=0.8024, lr=8.64e-04, train=0.0009, val=3.8737]Training LSTM:  19%|█▉        | 19/100 [00:00<00:00, 89.49it/s, auc=0.8032, lr=8.54e-04, train=0.0007, val=3.9023]Training LSTM:  19%|█▉        | 19/100 [00:00<00:00, 89.49it/s, auc=0.8022, lr=8.42e-04, train=0.0008, val=3.9316]Training LSTM:  19%|█▉        | 19/100 [00:00<00:00, 89.49it/s, auc=0.8022, lr=8.31e-04, train=0.0007, val=3.9621]Training LSTM:  19%|█▉        | 19/100 [00:00<00:00, 89.49it/s, auc=0.8013, lr=8.19e-04, train=0.0006, val=3.9921]Training LSTM:  19%|█▉        | 19/100 [00:00<00:00, 89.49it/s, auc=0.8020, lr=8.06e-04, train=0.0007, val=4.0206]Training LSTM:  29%|██▉       | 29/100 [00:00<00:00, 89.85it/s, auc=0.8020, lr=8.06e-04, train=0.0007, val=4.0206]Training LSTM:  29%|██▉       | 29/100 [00:00<00:00, 89.85it/s, auc=0.8025, lr=7.94e-04, train=0.0005, val=4.0461]Training LSTM:  29%|██▉       | 29/100 [00:00<00:00, 89.85it/s, auc=0.8032, lr=7.81e-04, train=0.0004, val=4.0681]Training LSTM:  29%|██▉       | 29/100 [00:00<00:00, 89.85it/s, auc=0.8027, lr=7.68e-04, train=0.0004, val=4.0877]Training LSTM:  29%|██▉       | 29/100 [00:00<00:00, 89.85it/s, Early stop @ epoch 32]                            Training LSTM:  31%|███       | 31/100 [00:00<00:00, 86.87it/s, Early stop @ epoch 32]

✓ Best model loaded (epoch 2, val_loss=0.969279, val_auc=0.809570)
Temperature calibration on the validation set...
✓ Calibration : T = 0.9484, bias = -1.4045
      -> Stage 40% (170 patients) [TEMPORARY]
Training LSTM:   0%|          | 0/100 [00:00<?, ?it/s]Training LSTM:   0%|          | 0/100 [00:00<?, ?it/s, auc=0.7751, lr=1.00e-03, train=1.0989, val=0.9818]Training LSTM:   0%|          | 0/100 [00:00<?, ?it/s, auc=0.8010, lr=9.99e-04, train=0.8509, val=0.9279]Training LSTM:   0%|          | 0/100 [00:00<?, ?it/s, auc=0.8115, lr=9.98e-04, train=0.7530, val=0.8997]Training LSTM:   0%|          | 0/100 [00:00<?, ?it/s, auc=0.8096, lr=9.96e-04, train=0.6387, val=0.9522]Training LSTM:   0%|          | 0/100 [00:00<?, ?it/s, auc=0.8083, lr=9.94e-04, train=0.6024, val=1.0444]Training LSTM:   0%|          | 0/100 [00:00<?, ?it/s, auc=0.8098, lr=9.91e-04, train=0.5207, val=1.0847]Training LSTM:   0%|          | 0/100 [00:00<?, ?it/s, auc=0.7969, lr=9.88e-04, train=0.4527, val=1.0962]Training LSTM:   7%|▋         | 7/100 [00:00<00:01, 66.75it/s, auc=0.7969, lr=9.88e-04, train=0.4527, val=1.0962]Training LSTM:   7%|▋         | 7/100 [00:00<00:01, 66.75it/s, auc=0.7915, lr=9.84e-04, train=0.3626, val=1.1755]Training LSTM:   7%|▋         | 7/100 [00:00<00:01, 66.75it/s, auc=0.7849, lr=9.80e-04, train=0.2934, val=1.3352]Training LSTM:   7%|▋         | 7/100 [00:00<00:01, 66.75it/s, auc=0.7808, lr=9.76e-04, train=0.2103, val=1.4818]Training LSTM:   7%|▋         | 7/100 [00:00<00:01, 66.75it/s, auc=0.7712, lr=9.70e-04, train=0.1408, val=1.7130]Training LSTM:   7%|▋         | 7/100 [00:00<00:01, 66.75it/s, auc=0.7656, lr=9.65e-04, train=0.0868, val=2.0754]Training LSTM:   7%|▋         | 7/100 [00:00<00:01, 66.75it/s, auc=0.7498, lr=9.59e-04, train=0.0468, val=2.2751]Training LSTM:   7%|▋         | 7/100 [00:00<00:01, 66.75it/s, auc=0.7515, lr=9.52e-04, train=0.0248, val=2.5858]Training LSTM:  14%|█▍        | 14/100 [00:00<00:01, 66.51it/s, auc=0.7515, lr=9.52e-04, train=0.0248, val=2.5858]Training LSTM:  14%|█▍        | 14/100 [00:00<00:01, 66.51it/s, auc=0.7659, lr=9.46e-04, train=0.0105, val=2.9313]Training LSTM:  14%|█▍        | 14/100 [00:00<00:01, 66.51it/s, auc=0.7734, lr=9.38e-04, train=0.0063, val=3.2066]Training LSTM:  14%|█▍        | 14/100 [00:00<00:01, 66.51it/s, auc=0.7783, lr=9.30e-04, train=0.0035, val=3.3221]Training LSTM:  14%|█▍        | 14/100 [00:00<00:01, 66.51it/s, auc=0.7822, lr=9.22e-04, train=0.0032, val=3.3945]Training LSTM:  14%|█▍        | 14/100 [00:00<00:01, 66.51it/s, auc=0.7827, lr=9.14e-04, train=0.0022, val=3.4698]Training LSTM:  14%|█▍        | 14/100 [00:00<00:01, 66.51it/s, auc=0.7852, lr=9.05e-04, train=0.0019, val=3.5414]Training LSTM:  14%|█▍        | 14/100 [00:00<00:01, 66.51it/s, auc=0.7849, lr=8.95e-04, train=0.0013, val=3.6096]Training LSTM:  21%|██        | 21/100 [00:00<00:01, 66.16it/s, auc=0.7849, lr=8.95e-04, train=0.0013, val=3.6096]Training LSTM:  21%|██        | 21/100 [00:00<00:01, 66.16it/s, auc=0.7859, lr=8.85e-04, train=0.0010, val=3.6670]Training LSTM:  21%|██        | 21/100 [00:00<00:01, 66.16it/s, auc=0.7847, lr=8.75e-04, train=0.0009, val=3.7111]Training LSTM:  21%|██        | 21/100 [00:00<00:01, 66.16it/s, auc=0.7856, lr=8.64e-04, train=0.0009, val=3.7502]Training LSTM:  21%|██        | 21/100 [00:00<00:01, 66.16it/s, auc=0.7854, lr=8.54e-04, train=0.0008, val=3.7857]Training LSTM:  21%|██        | 21/100 [00:00<00:01, 66.16it/s, auc=0.7849, lr=8.42e-04, train=0.0008, val=3.8181]Training LSTM:  21%|██        | 21/100 [00:00<00:01, 66.16it/s, auc=0.7849, lr=8.31e-04, train=0.0008, val=3.8499]Training LSTM:  21%|██        | 21/100 [00:00<00:01, 66.16it/s, auc=0.7849, lr=8.19e-04, train=0.0007, val=3.8801]Training LSTM:  28%|██▊       | 28/100 [00:00<00:01, 66.09it/s, auc=0.7849, lr=8.19e-04, train=0.0007, val=3.8801]Training LSTM:  28%|██▊       | 28/100 [00:00<00:01, 66.09it/s, auc=0.7849, lr=8.06e-04, train=0.0006, val=3.9089]Training LSTM:  28%|██▊       | 28/100 [00:00<00:01, 66.09it/s, auc=0.7837, lr=7.94e-04, train=0.0006, val=3.9341]Training LSTM:  28%|██▊       | 28/100 [00:00<00:01, 66.09it/s, auc=0.7839, lr=7.81e-04, train=0.0005, val=3.9576]Training LSTM:  28%|██▊       | 28/100 [00:00<00:01, 66.09it/s, auc=0.7832, lr=7.68e-04, train=0.0006, val=3.9802]Training LSTM:  28%|██▊       | 28/100 [00:00<00:01, 66.09it/s, auc=0.7828, lr=7.55e-04, train=0.0005, val=4.0031]Training LSTM:  28%|██▊       | 28/100 [00:00<00:01, 66.09it/s, Early stop @ epoch 33]                            Training LSTM:  32%|███▏      | 32/100 [00:00<00:01, 64.11it/s, Early stop @ epoch 33]

✓ Best model loaded (epoch 3, val_loss=0.899703, val_auc=0.811523)
Temperature calibration on the validation set...
✓ Calibration : T = 1.3037, bias = -1.4051
      -> Stage 60% (255 patients) [TEMPORARY]
Training LSTM:   0%|          | 0/100 [00:00<?, ?it/s]Training LSTM:   0%|          | 0/100 [00:00<?, ?it/s, auc=0.7756, lr=1.00e-03, train=1.0657, val=0.9147]Training LSTM:   0%|          | 0/100 [00:00<?, ?it/s, auc=0.8154, lr=9.99e-04, train=0.8303, val=0.8254]Training LSTM:   0%|          | 0/100 [00:00<?, ?it/s, auc=0.8232, lr=9.98e-04, train=0.6974, val=0.8315]Training LSTM:   0%|          | 0/100 [00:00<?, ?it/s, auc=0.8147, lr=9.96e-04, train=0.6416, val=0.8482]Training LSTM:   0%|          | 0/100 [00:00<?, ?it/s, auc=0.8164, lr=9.94e-04, train=0.6001, val=0.8667]Training LSTM:   0%|          | 0/100 [00:00<?, ?it/s, auc=0.8125, lr=9.91e-04, train=0.5273, val=0.9613]Training LSTM:   6%|▌         | 6/100 [00:00<00:01, 51.83it/s, auc=0.8125, lr=9.91e-04, train=0.5273, val=0.9613]Training LSTM:   6%|▌         | 6/100 [00:00<00:01, 51.83it/s, auc=0.8120, lr=9.88e-04, train=0.4856, val=0.9150]Training LSTM:   6%|▌         | 6/100 [00:00<00:01, 51.83it/s, auc=0.8127, lr=9.84e-04, train=0.4090, val=0.9078]Training LSTM:   6%|▌         | 6/100 [00:00<00:01, 51.83it/s, auc=0.8101, lr=9.80e-04, train=0.3470, val=1.0734]Training LSTM:   6%|▌         | 6/100 [00:00<00:01, 51.83it/s, auc=0.8115, lr=9.76e-04, train=0.2684, val=1.1562]Training LSTM:   6%|▌         | 6/100 [00:00<00:01, 51.83it/s, auc=0.8052, lr=9.70e-04, train=0.2103, val=1.2705]Training LSTM:   6%|▌         | 6/100 [00:00<00:01, 51.83it/s, auc=0.7803, lr=9.65e-04, train=0.1346, val=1.7186]Training LSTM:  12%|█▏        | 12/100 [00:00<00:01, 54.07it/s, auc=0.7803, lr=9.65e-04, train=0.1346, val=1.7186]Training LSTM:  12%|█▏        | 12/100 [00:00<00:01, 54.07it/s, auc=0.7661, lr=9.59e-04, train=0.1068, val=1.9387]Training LSTM:  12%|█▏        | 12/100 [00:00<00:01, 54.07it/s, auc=0.7800, lr=9.52e-04, train=0.0668, val=2.0053]Training LSTM:  12%|█▏        | 12/100 [00:00<00:01, 54.07it/s, auc=0.7776, lr=9.46e-04, train=0.0481, val=2.5289]Training LSTM:  12%|█▏        | 12/100 [00:00<00:01, 54.07it/s, auc=0.7773, lr=9.38e-04, train=0.0281, val=2.2611]Training LSTM:  12%|█▏        | 12/100 [00:00<00:01, 54.07it/s, auc=0.7717, lr=9.30e-04, train=0.0228, val=2.2604]Training LSTM:  12%|█▏        | 12/100 [00:00<00:01, 54.07it/s, auc=0.7637, lr=9.22e-04, train=0.0086, val=2.4606]Training LSTM:  18%|█▊        | 18/100 [00:00<00:01, 54.75it/s, auc=0.7637, lr=9.22e-04, train=0.0086, val=2.4606]Training LSTM:  18%|█▊        | 18/100 [00:00<00:01, 54.75it/s, auc=0.7622, lr=9.14e-04, train=0.0092, val=2.4684]Training LSTM:  18%|█▊        | 18/100 [00:00<00:01, 54.75it/s, auc=0.7666, lr=9.05e-04, train=0.0042, val=2.4785]Training LSTM:  18%|█▊        | 18/100 [00:00<00:01, 54.75it/s, auc=0.7681, lr=8.95e-04, train=0.0034, val=2.5595]Training LSTM:  18%|█▊        | 18/100 [00:00<00:01, 54.75it/s, auc=0.7661, lr=8.85e-04, train=0.0029, val=2.6828]Training LSTM:  18%|█▊        | 18/100 [00:00<00:01, 54.75it/s, auc=0.7656, lr=8.75e-04, train=0.0017, val=2.7774]Training LSTM:  18%|█▊        | 18/100 [00:00<00:01, 54.75it/s, auc=0.7649, lr=8.64e-04, train=0.0017, val=2.8396]Training LSTM:  24%|██▍       | 24/100 [00:00<00:01, 54.85it/s, auc=0.7649, lr=8.64e-04, train=0.0017, val=2.8396]Training LSTM:  24%|██▍       | 24/100 [00:00<00:01, 54.85it/s, auc=0.7646, lr=8.54e-04, train=0.0015, val=2.8734]Training LSTM:  24%|██▍       | 24/100 [00:00<00:01, 54.85it/s, auc=0.7637, lr=8.42e-04, train=0.0014, val=2.8965]Training LSTM:  24%|██▍       | 24/100 [00:00<00:01, 54.85it/s, auc=0.7634, lr=8.31e-04, train=0.0011, val=2.9029]Training LSTM:  24%|██▍       | 24/100 [00:00<00:01, 54.85it/s, auc=0.7639, lr=8.19e-04, train=0.0013, val=2.9063]Training LSTM:  24%|██▍       | 24/100 [00:00<00:01, 54.85it/s, auc=0.7639, lr=8.06e-04, train=0.0010, val=2.9144]Training LSTM:  24%|██▍       | 24/100 [00:00<00:01, 54.85it/s, auc=0.7637, lr=7.94e-04, train=0.0011, val=2.9197]Training LSTM:  30%|███       | 30/100 [00:00<00:01, 55.04it/s, auc=0.7637, lr=7.94e-04, train=0.0011, val=2.9197]Training LSTM:  30%|███       | 30/100 [00:00<00:01, 55.04it/s, auc=0.7634, lr=7.81e-04, train=0.0009, val=2.9304]Training LSTM:  30%|███       | 30/100 [00:00<00:01, 55.04it/s, auc=0.7627, lr=7.68e-04, train=0.0008, val=2.9431]Training LSTM:  30%|███       | 30/100 [00:00<00:01, 55.04it/s, auc=0.7622, lr=7.55e-04, train=0.0009, val=2.9604]Training LSTM:  30%|███       | 30/100 [00:00<00:01, 55.04it/s, Early stop @ epoch 33]                            Training LSTM:  32%|███▏      | 32/100 [00:00<00:01, 53.07it/s, Early stop @ epoch 33]

✓ Best model loaded (epoch 3, val_loss=0.831482, val_auc=0.823242)
Temperature calibration on the validation set...
✓ Calibration : T = 1.3669, bias = -0.9353
      -> Stage 80% (340 patients) [TEMPORARY]
Training LSTM:   0%|          | 0/100 [00:00<?, ?it/s]Training LSTM:   0%|          | 0/100 [00:00<?, ?it/s, auc=0.8091, lr=1.00e-03, train=1.1012, val=0.9545]Training LSTM:   0%|          | 0/100 [00:00<?, ?it/s, auc=0.8103, lr=9.99e-04, train=0.8399, val=0.9070]Training LSTM:   0%|          | 0/100 [00:00<?, ?it/s, auc=0.8083, lr=9.98e-04, train=0.7614, val=0.9317]Training LSTM:   0%|          | 0/100 [00:00<?, ?it/s, auc=0.7952, lr=9.96e-04, train=0.6819, val=0.9393]Training LSTM:   4%|▍         | 4/100 [00:00<00:02, 39.81it/s, auc=0.7952, lr=9.96e-04, train=0.6819, val=0.9393]Training LSTM:   4%|▍         | 4/100 [00:00<00:02, 39.81it/s, auc=0.8076, lr=9.94e-04, train=0.5921, val=1.0005]Training LSTM:   4%|▍         | 4/100 [00:00<00:02, 39.81it/s, auc=0.7988, lr=9.91e-04, train=0.5798, val=1.0800]Training LSTM:   4%|▍         | 4/100 [00:00<00:02, 39.81it/s, auc=0.7834, lr=9.88e-04, train=0.4698, val=1.0704]Training LSTM:   4%|▍         | 4/100 [00:00<00:02, 39.81it/s, auc=0.8079, lr=9.84e-04, train=0.3991, val=1.4122]Training LSTM:   4%|▍         | 4/100 [00:00<00:02, 39.81it/s, auc=0.7998, lr=9.80e-04, train=0.3422, val=1.1946]Training LSTM:   9%|▉         | 9/100 [00:00<00:02, 40.51it/s, auc=0.7998, lr=9.80e-04, train=0.3422, val=1.1946]Training LSTM:   9%|▉         | 9/100 [00:00<00:02, 40.51it/s, auc=0.7991, lr=9.76e-04, train=0.2665, val=1.5247]Training LSTM:   9%|▉         | 9/100 [00:00<00:02, 40.51it/s, auc=0.8000, lr=9.70e-04, train=0.2141, val=1.6409]Training LSTM:   9%|▉         | 9/100 [00:00<00:02, 40.51it/s, auc=0.7837, lr=9.65e-04, train=0.1301, val=1.9006]Training LSTM:   9%|▉         | 9/100 [00:00<00:02, 40.51it/s, auc=0.7747, lr=9.59e-04, train=0.0630, val=2.4305]Training LSTM:   9%|▉         | 9/100 [00:00<00:02, 40.51it/s, auc=0.7622, lr=9.52e-04, train=0.0360, val=2.6217]Training LSTM:  14%|█▍        | 14/100 [00:00<00:02, 40.64it/s, auc=0.7622, lr=9.52e-04, train=0.0360, val=2.6217]Training LSTM:  14%|█▍        | 14/100 [00:00<00:02, 40.64it/s, auc=0.7578, lr=9.46e-04, train=0.0256, val=3.0083]Training LSTM:  14%|█▍        | 14/100 [00:00<00:02, 40.64it/s, auc=0.7593, lr=9.38e-04, train=0.0076, val=3.0627]Training LSTM:  14%|█▍        | 14/100 [00:00<00:02, 40.64it/s, auc=0.7607, lr=9.30e-04, train=0.0056, val=3.1676]Training LSTM:  14%|█▍        | 14/100 [00:00<00:02, 40.64it/s, auc=0.7612, lr=9.22e-04, train=0.0039, val=3.2112]Training LSTM:  14%|█▍        | 14/100 [00:00<00:02, 40.64it/s, auc=0.7588, lr=9.14e-04, train=0.0028, val=3.2362]Training LSTM:  19%|█▉        | 19/100 [00:00<00:01, 40.73it/s, auc=0.7588, lr=9.14e-04, train=0.0028, val=3.2362]Training LSTM:  19%|█▉        | 19/100 [00:00<00:01, 40.73it/s, auc=0.7571, lr=9.05e-04, train=0.0020, val=3.2800]Training LSTM:  19%|█▉        | 19/100 [00:00<00:01, 40.73it/s, auc=0.7583, lr=8.95e-04, train=0.0015, val=3.3301]Training LSTM:  19%|█▉        | 19/100 [00:00<00:01, 40.73it/s, auc=0.7615, lr=8.85e-04, train=0.0014, val=3.3783]Training LSTM:  19%|█▉        | 19/100 [00:00<00:01, 40.73it/s, auc=0.7622, lr=8.75e-04, train=0.0013, val=3.4049]Training LSTM:  19%|█▉        | 19/100 [00:00<00:01, 40.73it/s, auc=0.7634, lr=8.64e-04, train=0.0012, val=3.4304]Training LSTM:  24%|██▍       | 24/100 [00:00<00:01, 40.77it/s, auc=0.7634, lr=8.64e-04, train=0.0012, val=3.4304]Training LSTM:  24%|██▍       | 24/100 [00:00<00:01, 40.77it/s, auc=0.7639, lr=8.54e-04, train=0.0010, val=3.4621]Training LSTM:  24%|██▍       | 24/100 [00:00<00:01, 40.77it/s, auc=0.7625, lr=8.42e-04, train=0.0010, val=3.4976]Training LSTM:  24%|██▍       | 24/100 [00:00<00:01, 40.77it/s, auc=0.7634, lr=8.31e-04, train=0.0009, val=3.5203]Training LSTM:  24%|██▍       | 24/100 [00:00<00:01, 40.77it/s, auc=0.7627, lr=8.19e-04, train=0.0009, val=3.5459]Training LSTM:  24%|██▍       | 24/100 [00:00<00:01, 40.77it/s, auc=0.7625, lr=8.06e-04, train=0.0008, val=3.5718]Training LSTM:  29%|██▉       | 29/100 [00:00<00:01, 40.81it/s, auc=0.7625, lr=8.06e-04, train=0.0008, val=3.5718]Training LSTM:  29%|██▉       | 29/100 [00:00<00:01, 40.81it/s, auc=0.7627, lr=7.94e-04, train=0.0007, val=3.5893]Training LSTM:  29%|██▉       | 29/100 [00:00<00:01, 40.81it/s, auc=0.7632, lr=7.81e-04, train=0.0007, val=3.6037]Training LSTM:  29%|██▉       | 29/100 [00:00<00:01, 40.81it/s, auc=0.7634, lr=7.68e-04, train=0.0008, val=3.6251]Training LSTM:  29%|██▉       | 29/100 [00:00<00:01, 40.81it/s, Early stop @ epoch 32]                            Training LSTM:  31%|███       | 31/100 [00:00<00:01, 39.44it/s, Early stop @ epoch 32]

✓ Best model loaded (epoch 2, val_loss=0.906979, val_auc=0.810303)
Temperature calibration on the validation set...
✓ Calibration : T = 1.3877, bias = -0.9230
      -> Stage 100% (426 patients) [FINAL TRAINING & DISK SAVE]
Training LSTM:   0%|          | 0/100 [00:00<?, ?it/s]Training LSTM:   0%|          | 0/100 [00:00<?, ?it/s, auc=0.8091, lr=1.00e-03, train=1.0165, val=0.9013]Training LSTM:   0%|          | 0/100 [00:00<?, ?it/s, auc=0.8149, lr=9.99e-04, train=0.7778, val=0.8802]Training LSTM:   0%|          | 0/100 [00:00<?, ?it/s, auc=0.8125, lr=9.98e-04, train=0.7138, val=0.8894]Training LSTM:   0%|          | 0/100 [00:00<?, ?it/s, auc=0.8162, lr=9.96e-04, train=0.6392, val=0.9188]Training LSTM:   4%|▍         | 4/100 [00:00<00:03, 31.29it/s, auc=0.8162, lr=9.96e-04, train=0.6392, val=0.9188]Training LSTM:   4%|▍         | 4/100 [00:00<00:03, 31.29it/s, auc=0.8113, lr=9.94e-04, train=0.5797, val=0.9880]Training LSTM:   4%|▍         | 4/100 [00:00<00:03, 31.29it/s, auc=0.8152, lr=9.91e-04, train=0.5047, val=1.1095]Training LSTM:   4%|▍         | 4/100 [00:00<00:03, 31.29it/s, auc=0.8179, lr=9.88e-04, train=0.4237, val=1.2604]Training LSTM:   4%|▍         | 4/100 [00:00<00:03, 31.29it/s, auc=0.7964, lr=9.84e-04, train=0.3835, val=1.4571]Training LSTM:   8%|▊         | 8/100 [00:00<00:02, 32.88it/s, auc=0.7964, lr=9.84e-04, train=0.3835, val=1.4571]Training LSTM:   8%|▊         | 8/100 [00:00<00:02, 32.88it/s, auc=0.7883, lr=9.80e-04, train=0.3250, val=1.5761]Training LSTM:   8%|▊         | 8/100 [00:00<00:02, 32.88it/s, auc=0.7808, lr=9.76e-04, train=0.2709, val=1.9129]Training LSTM:   8%|▊         | 8/100 [00:00<00:02, 32.88it/s, auc=0.7490, lr=9.70e-04, train=0.1917, val=2.1744]Training LSTM:   8%|▊         | 8/100 [00:00<00:02, 32.88it/s, auc=0.7603, lr=9.65e-04, train=0.1275, val=2.4685]Training LSTM:  12%|█▏        | 12/100 [00:00<00:02, 34.10it/s, auc=0.7603, lr=9.65e-04, train=0.1275, val=2.4685]Training LSTM:  12%|█▏        | 12/100 [00:00<00:02, 34.10it/s, auc=0.7544, lr=9.59e-04, train=0.1333, val=2.3648]Training LSTM:  12%|█▏        | 12/100 [00:00<00:02, 34.10it/s, auc=0.7488, lr=9.52e-04, train=0.0854, val=3.2098]Training LSTM:  12%|█▏        | 12/100 [00:00<00:02, 34.10it/s, auc=0.7339, lr=9.46e-04, train=0.0717, val=2.4804]Training LSTM:  12%|█▏        | 12/100 [00:00<00:02, 34.10it/s, auc=0.7212, lr=9.38e-04, train=0.1360, val=3.1296]Training LSTM:  16%|█▌        | 16/100 [00:00<00:02, 34.65it/s, auc=0.7212, lr=9.38e-04, train=0.1360, val=3.1296]Training LSTM:  16%|█▌        | 16/100 [00:00<00:02, 34.65it/s, auc=0.7139, lr=9.30e-04, train=0.1955, val=3.1915]Training LSTM:  16%|█▌        | 16/100 [00:00<00:02, 34.65it/s, auc=0.7363, lr=9.22e-04, train=0.0478, val=2.8257]Training LSTM:  16%|█▌        | 16/100 [00:00<00:02, 34.65it/s, auc=0.7356, lr=9.14e-04, train=0.0237, val=3.4557]Training LSTM:  16%|█▌        | 16/100 [00:00<00:02, 34.65it/s, auc=0.7283, lr=9.05e-04, train=0.0149, val=3.3961]Training LSTM:  20%|██        | 20/100 [00:00<00:02, 35.02it/s, auc=0.7283, lr=9.05e-04, train=0.0149, val=3.3961]Training LSTM:  20%|██        | 20/100 [00:00<00:02, 35.02it/s, auc=0.7268, lr=8.95e-04, train=0.0080, val=3.4373]Training LSTM:  20%|██        | 20/100 [00:00<00:02, 35.02it/s, auc=0.7178, lr=8.85e-04, train=0.0082, val=3.6222]Training LSTM:  20%|██        | 20/100 [00:00<00:02, 35.02it/s, auc=0.7051, lr=8.75e-04, train=0.0051, val=3.6872]Training LSTM:  20%|██        | 20/100 [00:00<00:02, 35.02it/s, auc=0.6960, lr=8.64e-04, train=0.0037, val=3.8707]Training LSTM:  24%|██▍       | 24/100 [00:00<00:02, 35.25it/s, auc=0.6960, lr=8.64e-04, train=0.0037, val=3.8707]Training LSTM:  24%|██▍       | 24/100 [00:00<00:02, 35.25it/s, auc=0.6870, lr=8.54e-04, train=0.0021, val=4.0321]Training LSTM:  24%|██▍       | 24/100 [00:00<00:02, 35.25it/s, auc=0.6909, lr=8.42e-04, train=0.0020, val=4.0208]Training LSTM:  24%|██▍       | 24/100 [00:00<00:02, 35.25it/s, auc=0.6941, lr=8.31e-04, train=0.0015, val=4.0232]Training LSTM:  24%|██▍       | 24/100 [00:00<00:02, 35.25it/s, auc=0.6948, lr=8.19e-04, train=0.0013, val=4.0616]Training LSTM:  28%|██▊       | 28/100 [00:00<00:02, 35.39it/s, auc=0.6948, lr=8.19e-04, train=0.0013, val=4.0616]Training LSTM:  28%|██▊       | 28/100 [00:00<00:02, 35.39it/s, auc=0.6917, lr=8.06e-04, train=0.0010, val=4.1288]Training LSTM:  28%|██▊       | 28/100 [00:00<00:02, 35.39it/s, auc=0.6899, lr=7.94e-04, train=0.0010, val=4.1821]Training LSTM:  28%|██▊       | 28/100 [00:00<00:02, 35.39it/s, auc=0.6877, lr=7.81e-04, train=0.0010, val=4.2368]Training LSTM:  28%|██▊       | 28/100 [00:00<00:02, 35.39it/s, auc=0.6853, lr=7.68e-04, train=0.0008, val=4.2799]Training LSTM:  32%|███▏      | 32/100 [00:00<00:01, 35.34it/s, auc=0.6853, lr=7.68e-04, train=0.0008, val=4.2799]Training LSTM:  32%|███▏      | 32/100 [00:00<00:01, 35.34it/s, auc=0.6843, lr=7.55e-04, train=0.0008, val=4.3127]Training LSTM:  32%|███▏      | 32/100 [00:00<00:01, 35.34it/s, auc=0.6843, lr=7.41e-04, train=0.0007, val=4.3364]Training LSTM:  32%|███▏      | 32/100 [00:01<00:01, 35.34it/s, auc=0.6838, lr=7.27e-04, train=0.0007, val=4.3603]Training LSTM:  32%|███▏      | 32/100 [00:01<00:01, 35.34it/s, auc=0.6826, lr=7.13e-04, train=0.0007, val=4.3939]Training LSTM:  36%|███▌      | 36/100 [00:01<00:01, 35.36it/s, auc=0.6826, lr=7.13e-04, train=0.0007, val=4.3939]Training LSTM:  36%|███▌      | 36/100 [00:01<00:01, 35.36it/s, auc=0.6816, lr=6.99e-04, train=0.0006, val=4.4200]Training LSTM:  36%|███▌      | 36/100 [00:01<00:01, 35.36it/s, Early stop @ epoch 37]                            Training LSTM:  36%|███▌      | 36/100 [00:01<00:01, 33.94it/s, Early stop @ epoch 37]

✓ Best model loaded (epoch 7, val_loss=1.260438, val_auc=0.817871)
Temperature calibration on the validation set...
✓ Calibration : T = 2.6181, bias = -0.8702
[2026-09-15 17:51:43] [STAGE] Training fold 5/5

─────────────────── Training Fold 5/5 ───────────────────
    [INFO] Calibration enabled (temperature_scaling). Splitting the fold with StratifiedGroupKFold...
    [LEARNING CURVE] Starting the unified learning-curve stage loop...
      -> Stage 20% (85 patients) [TEMPORARY]
Training LSTM:   0%|          | 0/100 [00:00<?, ?it/s]Training LSTM:   0%|          | 0/100 [00:00<?, ?it/s, auc=0.7817, lr=1.00e-03, train=1.0716, val=0.9821]Training LSTM:   0%|          | 0/100 [00:00<?, ?it/s, auc=0.7756, lr=9.99e-04, train=0.5407, val=1.1490]Training LSTM:   0%|          | 0/100 [00:00<?, ?it/s, auc=0.7715, lr=9.98e-04, train=0.3899, val=1.4078]Training LSTM:   0%|          | 0/100 [00:00<?, ?it/s, auc=0.7678, lr=9.96e-04, train=0.3149, val=1.6482]Training LSTM:   0%|          | 0/100 [00:00<?, ?it/s, auc=0.7556, lr=9.94e-04, train=0.2097, val=1.9461]Training LSTM:   0%|          | 0/100 [00:00<?, ?it/s, auc=0.7393, lr=9.91e-04, train=0.1529, val=2.2514]Training LSTM:   0%|          | 0/100 [00:00<?, ?it/s, auc=0.7231, lr=9.88e-04, train=0.1086, val=2.4866]Training LSTM:   0%|          | 0/100 [00:00<?, ?it/s, auc=0.7183, lr=9.84e-04, train=0.0840, val=2.7395]Training LSTM:   0%|          | 0/100 [00:00<?, ?it/s, auc=0.7261, lr=9.80e-04, train=0.0682, val=3.0421]Training LSTM:   9%|▉         | 9/100 [00:00<00:01, 88.84it/s, auc=0.7261, lr=9.80e-04, train=0.0682, val=3.0421]Training LSTM:   9%|▉         | 9/100 [00:00<00:01, 88.84it/s, auc=0.7324, lr=9.76e-04, train=0.0541, val=3.2830]Training LSTM:   9%|▉         | 9/100 [00:00<00:01, 88.84it/s, auc=0.7295, lr=9.70e-04, train=0.0422, val=3.4699]Training LSTM:   9%|▉         | 9/100 [00:00<00:01, 88.84it/s, auc=0.7307, lr=9.65e-04, train=0.0333, val=3.5890]Training LSTM:   9%|▉         | 9/100 [00:00<00:01, 88.84it/s, auc=0.7244, lr=9.59e-04, train=0.0244, val=3.6505]Training LSTM:   9%|▉         | 9/100 [00:00<00:01, 88.84it/s, auc=0.7180, lr=9.52e-04, train=0.0150, val=3.6914]Training LSTM:   9%|▉         | 9/100 [00:00<00:01, 88.84it/s, auc=0.7146, lr=9.46e-04, train=0.0162, val=3.7203]Training LSTM:   9%|▉         | 9/100 [00:00<00:01, 88.84it/s, auc=0.7117, lr=9.38e-04, train=0.0088, val=3.7607]Training LSTM:   9%|▉         | 9/100 [00:00<00:01, 88.84it/s, auc=0.7107, lr=9.30e-04, train=0.0061, val=3.8159]Training LSTM:   9%|▉         | 9/100 [00:00<00:01, 88.84it/s, auc=0.7117, lr=9.22e-04, train=0.0059, val=3.8904]Training LSTM:   9%|▉         | 9/100 [00:00<00:01, 88.84it/s, auc=0.7124, lr=9.14e-04, train=0.0034, val=3.9671]Training LSTM:  19%|█▉        | 19/100 [00:00<00:00, 89.98it/s, auc=0.7124, lr=9.14e-04, train=0.0034, val=3.9671]Training LSTM:  19%|█▉        | 19/100 [00:00<00:00, 89.98it/s, auc=0.7161, lr=9.05e-04, train=0.0035, val=4.0509]Training LSTM:  19%|█▉        | 19/100 [00:00<00:00, 89.98it/s, auc=0.7183, lr=8.95e-04, train=0.0026, val=4.1412]Training LSTM:  19%|█▉        | 19/100 [00:00<00:00, 89.98it/s, auc=0.7209, lr=8.85e-04, train=0.0017, val=4.2280]Training LSTM:  19%|█▉        | 19/100 [00:00<00:00, 89.98it/s, auc=0.7217, lr=8.75e-04, train=0.0015, val=4.3144]Training LSTM:  19%|█▉        | 19/100 [00:00<00:00, 89.98it/s, auc=0.7224, lr=8.64e-04, train=0.0011, val=4.3895]Training LSTM:  19%|█▉        | 19/100 [00:00<00:00, 89.98it/s, auc=0.7253, lr=8.54e-04, train=0.0010, val=4.4511]Training LSTM:  19%|█▉        | 19/100 [00:00<00:00, 89.98it/s, auc=0.7263, lr=8.42e-04, train=0.0010, val=4.5021]Training LSTM:  19%|█▉        | 19/100 [00:00<00:00, 89.98it/s, auc=0.7266, lr=8.31e-04, train=0.0008, val=4.5447]Training LSTM:  19%|█▉        | 19/100 [00:00<00:00, 89.98it/s, auc=0.7275, lr=8.19e-04, train=0.0009, val=4.5815]Training LSTM:  19%|█▉        | 19/100 [00:00<00:00, 89.98it/s, auc=0.7285, lr=8.06e-04, train=0.0007, val=4.6141]Training LSTM:  29%|██▉       | 29/100 [00:00<00:00, 90.07it/s, auc=0.7285, lr=8.06e-04, train=0.0007, val=4.6141]Training LSTM:  29%|██▉       | 29/100 [00:00<00:00, 90.07it/s, auc=0.7283, lr=7.94e-04, train=0.0007, val=4.6431]Training LSTM:  29%|██▉       | 29/100 [00:00<00:00, 90.07it/s, auc=0.7285, lr=7.81e-04, train=0.0006, val=4.6691]Training LSTM:  29%|██▉       | 29/100 [00:00<00:00, 90.07it/s, Early stop @ epoch 31]                            Training LSTM:  30%|███       | 30/100 [00:00<00:00, 87.03it/s, Early stop @ epoch 31]

✓ Best model loaded (epoch 1, val_loss=0.982087, val_auc=0.781738)
Temperature calibration on the validation set...
✓ Calibration : T = 1.1666, bias = -1.3215
      -> Stage 40% (170 patients) [TEMPORARY]
Training LSTM:   0%|          | 0/100 [00:00<?, ?it/s]Training LSTM:   0%|          | 0/100 [00:00<?, ?it/s, auc=0.7742, lr=1.00e-03, train=1.1970, val=1.1413]Training LSTM:   0%|          | 0/100 [00:00<?, ?it/s, auc=0.7747, lr=9.99e-04, train=0.7180, val=1.2075]Training LSTM:   0%|          | 0/100 [00:00<?, ?it/s, auc=0.7737, lr=9.98e-04, train=0.5901, val=1.4589]Training LSTM:   0%|          | 0/100 [00:00<?, ?it/s, auc=0.7476, lr=9.96e-04, train=0.4967, val=1.6501]Training LSTM:   0%|          | 0/100 [00:00<?, ?it/s, auc=0.7241, lr=9.94e-04, train=0.3872, val=2.0659]Training LSTM:   0%|          | 0/100 [00:00<?, ?it/s, auc=0.7124, lr=9.91e-04, train=0.3136, val=2.4328]Training LSTM:   0%|          | 0/100 [00:00<?, ?it/s, auc=0.7112, lr=9.88e-04, train=0.2760, val=2.6524]Training LSTM:   7%|▋         | 7/100 [00:00<00:01, 67.67it/s, auc=0.7112, lr=9.88e-04, train=0.2760, val=2.6524]Training LSTM:   7%|▋         | 7/100 [00:00<00:01, 67.67it/s, auc=0.7029, lr=9.84e-04, train=0.2253, val=2.9016]Training LSTM:   7%|▋         | 7/100 [00:00<00:01, 67.67it/s, auc=0.7000, lr=9.80e-04, train=0.1666, val=3.3645]Training LSTM:   7%|▋         | 7/100 [00:00<00:01, 67.67it/s, auc=0.7068, lr=9.76e-04, train=0.1232, val=3.6848]Training LSTM:   7%|▋         | 7/100 [00:00<00:01, 67.67it/s, auc=0.7156, lr=9.70e-04, train=0.0786, val=3.9044]Training LSTM:   7%|▋         | 7/100 [00:00<00:01, 67.67it/s, auc=0.7195, lr=9.65e-04, train=0.0567, val=4.2096]Training LSTM:   7%|▋         | 7/100 [00:00<00:01, 67.67it/s, auc=0.7241, lr=9.59e-04, train=0.0336, val=4.5619]Training LSTM:   7%|▋         | 7/100 [00:00<00:01, 67.67it/s, auc=0.7214, lr=9.52e-04, train=0.0181, val=4.7161]Training LSTM:  14%|█▍        | 14/100 [00:00<00:01, 67.87it/s, auc=0.7214, lr=9.52e-04, train=0.0181, val=4.7161]Training LSTM:  14%|█▍        | 14/100 [00:00<00:01, 67.87it/s, auc=0.7175, lr=9.46e-04, train=0.0109, val=4.8121]Training LSTM:  14%|█▍        | 14/100 [00:00<00:01, 67.87it/s, auc=0.7136, lr=9.38e-04, train=0.0068, val=4.9965]Training LSTM:  14%|█▍        | 14/100 [00:00<00:01, 67.87it/s, auc=0.7129, lr=9.30e-04, train=0.0049, val=5.2002]Training LSTM:  14%|█▍        | 14/100 [00:00<00:01, 67.87it/s, auc=0.7126, lr=9.22e-04, train=0.0037, val=5.3579]Training LSTM:  14%|█▍        | 14/100 [00:00<00:01, 67.87it/s, auc=0.7112, lr=9.14e-04, train=0.0036, val=5.4301]Training LSTM:  14%|█▍        | 14/100 [00:00<00:01, 67.87it/s, auc=0.7107, lr=9.05e-04, train=0.0020, val=5.4551]Training LSTM:  14%|█▍        | 14/100 [00:00<00:01, 67.87it/s, auc=0.7107, lr=8.95e-04, train=0.0019, val=5.5035]Training LSTM:  21%|██        | 21/100 [00:00<00:01, 68.33it/s, auc=0.7107, lr=8.95e-04, train=0.0019, val=5.5035]Training LSTM:  21%|██        | 21/100 [00:00<00:01, 68.33it/s, auc=0.7139, lr=8.85e-04, train=0.0026, val=5.6240]Training LSTM:  21%|██        | 21/100 [00:00<00:01, 68.33it/s, auc=0.7170, lr=8.75e-04, train=0.0011, val=5.7277]Training LSTM:  21%|██        | 21/100 [00:00<00:01, 68.33it/s, auc=0.7180, lr=8.64e-04, train=0.0019, val=5.7723]Training LSTM:  21%|██        | 21/100 [00:00<00:01, 68.33it/s, auc=0.7188, lr=8.54e-04, train=0.0021, val=5.7484]Training LSTM:  21%|██        | 21/100 [00:00<00:01, 68.33it/s, auc=0.7192, lr=8.42e-04, train=0.0009, val=5.7196]Training LSTM:  21%|██        | 21/100 [00:00<00:01, 68.33it/s, auc=0.7209, lr=8.31e-04, train=0.0008, val=5.6927]Training LSTM:  21%|██        | 21/100 [00:00<00:01, 68.33it/s, auc=0.7207, lr=8.19e-04, train=0.0009, val=5.6729]Training LSTM:  28%|██▊       | 28/100 [00:00<00:01, 68.50it/s, auc=0.7207, lr=8.19e-04, train=0.0009, val=5.6729]Training LSTM:  28%|██▊       | 28/100 [00:00<00:01, 68.50it/s, auc=0.7197, lr=8.06e-04, train=0.0008, val=5.6591]Training LSTM:  28%|██▊       | 28/100 [00:00<00:01, 68.50it/s, auc=0.7197, lr=7.94e-04, train=0.0007, val=5.6548]Training LSTM:  28%|██▊       | 28/100 [00:00<00:01, 68.50it/s, auc=0.7205, lr=7.81e-04, train=0.0006, val=5.6630]Training LSTM:  28%|██▊       | 28/100 [00:00<00:01, 68.50it/s, auc=0.7202, lr=7.68e-04, train=0.0006, val=5.6808]Training LSTM:  28%|██▊       | 28/100 [00:00<00:01, 68.50it/s, Early stop @ epoch 32]                            Training LSTM:  31%|███       | 31/100 [00:00<00:01, 66.23it/s, Early stop @ epoch 32]

✓ Best model loaded (epoch 2, val_loss=1.207546, val_auc=0.774658)
Temperature calibration on the validation set...
✓ Calibration : T = 1.8910, bias = -1.3396
      -> Stage 60% (255 patients) [TEMPORARY]
Training LSTM:   0%|          | 0/100 [00:00<?, ?it/s]Training LSTM:   0%|          | 0/100 [00:00<?, ?it/s, auc=0.7634, lr=1.00e-03, train=0.9105, val=1.0908]Training LSTM:   0%|          | 0/100 [00:00<?, ?it/s, auc=0.7991, lr=9.99e-04, train=0.6561, val=1.0705]Training LSTM:   0%|          | 0/100 [00:00<?, ?it/s, auc=0.7896, lr=9.98e-04, train=0.5207, val=1.2296]Training LSTM:   0%|          | 0/100 [00:00<?, ?it/s, auc=0.7576, lr=9.96e-04, train=0.4515, val=1.4402]Training LSTM:   0%|          | 0/100 [00:00<?, ?it/s, auc=0.7236, lr=9.94e-04, train=0.4052, val=1.5206]Training LSTM:   0%|          | 0/100 [00:00<?, ?it/s, auc=0.7249, lr=9.91e-04, train=0.3517, val=1.6766]Training LSTM:   6%|▌         | 6/100 [00:00<00:01, 54.32it/s, auc=0.7249, lr=9.91e-04, train=0.3517, val=1.6766]Training LSTM:   6%|▌         | 6/100 [00:00<00:01, 54.32it/s, auc=0.7505, lr=9.88e-04, train=0.2968, val=1.9531]Training LSTM:   6%|▌         | 6/100 [00:00<00:01, 54.32it/s, auc=0.7444, lr=9.84e-04, train=0.2466, val=2.0262]Training LSTM:   6%|▌         | 6/100 [00:00<00:01, 54.32it/s, auc=0.7244, lr=9.80e-04, train=0.2153, val=2.0431]Training LSTM:   6%|▌         | 6/100 [00:00<00:01, 54.32it/s, auc=0.7124, lr=9.76e-04, train=0.1347, val=2.3978]Training LSTM:   6%|▌         | 6/100 [00:00<00:01, 54.32it/s, auc=0.7273, lr=9.70e-04, train=0.1308, val=2.6499]Training LSTM:   6%|▌         | 6/100 [00:00<00:01, 54.32it/s, auc=0.7295, lr=9.65e-04, train=0.0834, val=2.6405]Training LSTM:  12%|█▏        | 12/100 [00:00<00:01, 55.03it/s, auc=0.7295, lr=9.65e-04, train=0.0834, val=2.6405]Training LSTM:  12%|█▏        | 12/100 [00:00<00:01, 55.03it/s, auc=0.7390, lr=9.59e-04, train=0.0572, val=3.1975]Training LSTM:  12%|█▏        | 12/100 [00:00<00:01, 55.03it/s, auc=0.7517, lr=9.52e-04, train=0.0326, val=3.2557]Training LSTM:  12%|█▏        | 12/100 [00:00<00:01, 55.03it/s, auc=0.7402, lr=9.46e-04, train=0.0254, val=3.2185]Training LSTM:  12%|█▏        | 12/100 [00:00<00:01, 55.03it/s, auc=0.7354, lr=9.38e-04, train=0.0108, val=3.6121]Training LSTM:  12%|█▏        | 12/100 [00:00<00:01, 55.03it/s, auc=0.7322, lr=9.30e-04, train=0.0096, val=3.8652]Training LSTM:  12%|█▏        | 12/100 [00:00<00:01, 55.03it/s, auc=0.7366, lr=9.22e-04, train=0.0048, val=3.8030]Training LSTM:  18%|█▊        | 18/100 [00:00<00:01, 55.25it/s, auc=0.7366, lr=9.22e-04, train=0.0048, val=3.8030]Training LSTM:  18%|█▊        | 18/100 [00:00<00:01, 55.25it/s, auc=0.7449, lr=9.14e-04, train=0.0034, val=3.8197]Training LSTM:  18%|█▊        | 18/100 [00:00<00:01, 55.25it/s, auc=0.7451, lr=9.05e-04, train=0.0036, val=3.9816]Training LSTM:  18%|█▊        | 18/100 [00:00<00:01, 55.25it/s, auc=0.7458, lr=8.95e-04, train=0.0023, val=4.1040]Training LSTM:  18%|█▊        | 18/100 [00:00<00:01, 55.25it/s, auc=0.7439, lr=8.85e-04, train=0.0017, val=4.1846]Training LSTM:  18%|█▊        | 18/100 [00:00<00:01, 55.25it/s, auc=0.7424, lr=8.75e-04, train=0.0012, val=4.2542]Training LSTM:  18%|█▊        | 18/100 [00:00<00:01, 55.25it/s, auc=0.7407, lr=8.64e-04, train=0.0011, val=4.3125]Training LSTM:  24%|██▍       | 24/100 [00:00<00:01, 55.36it/s, auc=0.7407, lr=8.64e-04, train=0.0011, val=4.3125]Training LSTM:  24%|██▍       | 24/100 [00:00<00:01, 55.36it/s, auc=0.7373, lr=8.54e-04, train=0.0010, val=4.3608]Training LSTM:  24%|██▍       | 24/100 [00:00<00:01, 55.36it/s, auc=0.7361, lr=8.42e-04, train=0.0009, val=4.3997]Training LSTM:  24%|██▍       | 24/100 [00:00<00:01, 55.36it/s, auc=0.7361, lr=8.31e-04, train=0.0008, val=4.4352]Training LSTM:  24%|██▍       | 24/100 [00:00<00:01, 55.36it/s, auc=0.7346, lr=8.19e-04, train=0.0008, val=4.4669]Training LSTM:  24%|██▍       | 24/100 [00:00<00:01, 55.36it/s, auc=0.7356, lr=8.06e-04, train=0.0007, val=4.5007]Training LSTM:  24%|██▍       | 24/100 [00:00<00:01, 55.36it/s, auc=0.7351, lr=7.94e-04, train=0.0006, val=4.5284]Training LSTM:  30%|███       | 30/100 [00:00<00:01, 55.45it/s, auc=0.7351, lr=7.94e-04, train=0.0006, val=4.5284]Training LSTM:  30%|███       | 30/100 [00:00<00:01, 55.45it/s, auc=0.7346, lr=7.81e-04, train=0.0007, val=4.5524]Training LSTM:  30%|███       | 30/100 [00:00<00:01, 55.45it/s, auc=0.7354, lr=7.68e-04, train=0.0006, val=4.5742]Training LSTM:  30%|███       | 30/100 [00:00<00:01, 55.45it/s, Early stop @ epoch 32]                            Training LSTM:  31%|███       | 31/100 [00:00<00:01, 53.58it/s, Early stop @ epoch 32]

✓ Best model loaded (epoch 2, val_loss=1.070517, val_auc=0.799072)
Temperature calibration on the validation set...
✓ Calibration : T = 2.2887, bias = -1.1315
      -> Stage 80% (340 patients) [TEMPORARY]
Training LSTM:   0%|          | 0/100 [00:00<?, ?it/s]Training LSTM:   0%|          | 0/100 [00:00<?, ?it/s, auc=0.8049, lr=1.00e-03, train=0.9011, val=0.9433]Training LSTM:   0%|          | 0/100 [00:00<?, ?it/s, auc=0.8091, lr=9.99e-04, train=0.6582, val=1.0244]Training LSTM:   0%|          | 0/100 [00:00<?, ?it/s, auc=0.7886, lr=9.98e-04, train=0.5660, val=1.1186]Training LSTM:   0%|          | 0/100 [00:00<?, ?it/s, auc=0.7698, lr=9.96e-04, train=0.5187, val=1.1960]Training LSTM:   4%|▍         | 4/100 [00:00<00:02, 39.50it/s, auc=0.7698, lr=9.96e-04, train=0.5187, val=1.1960]Training LSTM:   4%|▍         | 4/100 [00:00<00:02, 39.50it/s, auc=0.7747, lr=9.94e-04, train=0.4349, val=1.3290]Training LSTM:   4%|▍         | 4/100 [00:00<00:02, 39.50it/s, auc=0.7856, lr=9.91e-04, train=0.4514, val=1.4016]Training LSTM:   4%|▍         | 4/100 [00:00<00:02, 39.50it/s, auc=0.7776, lr=9.88e-04, train=0.3473, val=1.2327]Training LSTM:   4%|▍         | 4/100 [00:00<00:02, 39.50it/s, auc=0.7886, lr=9.84e-04, train=0.3181, val=1.7329]Training LSTM:   4%|▍         | 4/100 [00:00<00:02, 39.50it/s, auc=0.7690, lr=9.80e-04, train=0.2689, val=1.5156]Training LSTM:   9%|▉         | 9/100 [00:00<00:02, 40.37it/s, auc=0.7690, lr=9.80e-04, train=0.2689, val=1.5156]Training LSTM:   9%|▉         | 9/100 [00:00<00:02, 40.37it/s, auc=0.7656, lr=9.76e-04, train=0.2114, val=1.7781]Training LSTM:   9%|▉         | 9/100 [00:00<00:02, 40.37it/s, auc=0.7896, lr=9.70e-04, train=0.1493, val=1.9417]Training LSTM:   9%|▉         | 9/100 [00:00<00:02, 40.37it/s, auc=0.7732, lr=9.65e-04, train=0.1125, val=2.1345]Training LSTM:   9%|▉         | 9/100 [00:00<00:02, 40.37it/s, auc=0.7722, lr=9.59e-04, train=0.0644, val=2.8571]Training LSTM:   9%|▉         | 9/100 [00:00<00:02, 40.37it/s, auc=0.7737, lr=9.52e-04, train=0.0320, val=2.6789]Training LSTM:  14%|█▍        | 14/100 [00:00<00:02, 40.61it/s, auc=0.7737, lr=9.52e-04, train=0.0320, val=2.6789]Training LSTM:  14%|█▍        | 14/100 [00:00<00:02, 40.61it/s, auc=0.7800, lr=9.46e-04, train=0.0437, val=3.0409]Training LSTM:  14%|█▍        | 14/100 [00:00<00:02, 40.61it/s, auc=0.7595, lr=9.38e-04, train=0.0139, val=3.1635]Training LSTM:  14%|█▍        | 14/100 [00:00<00:02, 40.61it/s, auc=0.7454, lr=9.30e-04, train=0.0150, val=3.6838]Training LSTM:  14%|█▍        | 14/100 [00:00<00:02, 40.61it/s, auc=0.7629, lr=9.22e-04, train=0.0051, val=3.6946]Training LSTM:  14%|█▍        | 14/100 [00:00<00:02, 40.61it/s, auc=0.7745, lr=9.14e-04, train=0.0037, val=3.4640]Training LSTM:  19%|█▉        | 19/100 [00:00<00:01, 40.72it/s, auc=0.7745, lr=9.14e-04, train=0.0037, val=3.4640]Training LSTM:  19%|█▉        | 19/100 [00:00<00:01, 40.72it/s, auc=0.7747, lr=9.05e-04, train=0.0058, val=3.4525]Training LSTM:  19%|█▉        | 19/100 [00:00<00:01, 40.72it/s, auc=0.7717, lr=8.95e-04, train=0.0023, val=3.4168]Training LSTM:  19%|█▉        | 19/100 [00:00<00:01, 40.72it/s, auc=0.7703, lr=8.85e-04, train=0.0018, val=3.5333]Training LSTM:  19%|█▉        | 19/100 [00:00<00:01, 40.72it/s, auc=0.7690, lr=8.75e-04, train=0.0016, val=3.6965]Training LSTM:  19%|█▉        | 19/100 [00:00<00:01, 40.72it/s, auc=0.7686, lr=8.64e-04, train=0.0013, val=3.8331]Training LSTM:  24%|██▍       | 24/100 [00:00<00:02, 37.61it/s, auc=0.7686, lr=8.64e-04, train=0.0013, val=3.8331]Training LSTM:  24%|██▍       | 24/100 [00:00<00:02, 37.61it/s, auc=0.7673, lr=8.54e-04, train=0.0010, val=3.8942]Training LSTM:  24%|██▍       | 24/100 [00:00<00:02, 37.61it/s, auc=0.7673, lr=8.42e-04, train=0.0008, val=3.9175]Training LSTM:  24%|██▍       | 24/100 [00:00<00:02, 37.61it/s, auc=0.7676, lr=8.31e-04, train=0.0008, val=3.9541]Training LSTM:  24%|██▍       | 24/100 [00:00<00:02, 37.61it/s, auc=0.7668, lr=8.19e-04, train=0.0007, val=3.9966]Training LSTM:  28%|██▊       | 28/100 [00:00<00:02, 34.34it/s, auc=0.7668, lr=8.19e-04, train=0.0007, val=3.9966]Training LSTM:  28%|██▊       | 28/100 [00:00<00:02, 34.34it/s, auc=0.7673, lr=8.06e-04, train=0.0007, val=4.0268]Training LSTM:  28%|██▊       | 28/100 [00:00<00:02, 34.34it/s, auc=0.7681, lr=7.94e-04, train=0.0006, val=4.0576]Training LSTM:  28%|██▊       | 28/100 [00:00<00:02, 34.34it/s, auc=0.7673, lr=7.81e-04, train=0.0006, val=4.0849]Training LSTM:  28%|██▊       | 28/100 [00:00<00:02, 34.34it/s, auc=0.7681, lr=7.68e-04, train=0.0006, val=4.1155]Training LSTM:  28%|██▊       | 28/100 [00:00<00:02, 34.34it/s, Early stop @ epoch 32]                            Training LSTM:  31%|███       | 31/100 [00:00<00:01, 34.59it/s, Early stop @ epoch 32]

✓ Best model loaded (epoch 2, val_loss=1.024405, val_auc=0.809082)
Temperature calibration on the validation set...
✓ Calibration : T = 2.1739, bias = -1.0374
      -> Stage 100% (426 patients) [FINAL TRAINING & DISK SAVE]
Training LSTM:   0%|          | 0/100 [00:00<?, ?it/s]Training LSTM:   0%|          | 0/100 [00:00<?, ?it/s, auc=0.7920, lr=1.00e-03, train=0.9545, val=0.9613]Training LSTM:   0%|          | 0/100 [00:00<?, ?it/s, auc=0.7942, lr=9.99e-04, train=0.7468, val=0.9432]Training LSTM:   0%|          | 0/100 [00:00<?, ?it/s, auc=0.7661, lr=9.98e-04, train=0.6311, val=1.0511]Training LSTM:   3%|▎         | 3/100 [00:00<00:03, 28.17it/s, auc=0.7661, lr=9.98e-04, train=0.6311, val=1.0511]Training LSTM:   3%|▎         | 3/100 [00:00<00:03, 28.17it/s, auc=0.7578, lr=9.96e-04, train=0.5588, val=1.1415]Training LSTM:   3%|▎         | 3/100 [00:00<00:03, 28.17it/s, auc=0.7524, lr=9.94e-04, train=0.5427, val=1.1354]Training LSTM:   3%|▎         | 3/100 [00:00<00:03, 28.17it/s, auc=0.7588, lr=9.91e-04, train=0.4459, val=1.2723]Training LSTM:   3%|▎         | 3/100 [00:00<00:03, 28.17it/s, auc=0.7478, lr=9.88e-04, train=0.3696, val=1.3399]Training LSTM:   7%|▋         | 7/100 [00:00<00:02, 32.44it/s, auc=0.7478, lr=9.88e-04, train=0.3696, val=1.3399]Training LSTM:   7%|▋         | 7/100 [00:00<00:02, 32.44it/s, auc=0.7424, lr=9.84e-04, train=0.3327, val=1.5717]Training LSTM:   7%|▋         | 7/100 [00:00<00:02, 32.44it/s, auc=0.7261, lr=9.80e-04, train=0.2284, val=1.7744]Training LSTM:   7%|▋         | 7/100 [00:00<00:02, 32.44it/s, auc=0.7295, lr=9.76e-04, train=0.1932, val=2.1473]Training LSTM:   7%|▋         | 7/100 [00:00<00:02, 32.44it/s, auc=0.7380, lr=9.70e-04, train=0.1347, val=2.2199]Training LSTM:  11%|█         | 11/100 [00:00<00:02, 33.97it/s, auc=0.7380, lr=9.70e-04, train=0.1347, val=2.2199]Training LSTM:  11%|█         | 11/100 [00:00<00:02, 33.97it/s, auc=0.7363, lr=9.65e-04, train=0.0812, val=2.6552]Training LSTM:  11%|█         | 11/100 [00:00<00:02, 33.97it/s, auc=0.7229, lr=9.59e-04, train=0.0759, val=2.5967]Training LSTM:  11%|█         | 11/100 [00:00<00:02, 33.97it/s, auc=0.7373, lr=9.52e-04, train=0.0431, val=3.2238]Training LSTM:  11%|█         | 11/100 [00:00<00:02, 33.97it/s, auc=0.7310, lr=9.46e-04, train=0.0498, val=2.9778]Training LSTM:  15%|█▌        | 15/100 [00:00<00:02, 34.67it/s, auc=0.7310, lr=9.46e-04, train=0.0498, val=2.9778]Training LSTM:  15%|█▌        | 15/100 [00:00<00:02, 34.67it/s, auc=0.7446, lr=9.38e-04, train=0.0209, val=3.3926]Training LSTM:  15%|█▌        | 15/100 [00:00<00:02, 34.67it/s, auc=0.7571, lr=9.30e-04, train=0.0161, val=3.1170]Training LSTM:  15%|█▌        | 15/100 [00:00<00:02, 34.67it/s, auc=0.7412, lr=9.22e-04, train=0.0085, val=3.2766]Training LSTM:  15%|█▌        | 15/100 [00:00<00:02, 34.67it/s, auc=0.7529, lr=9.14e-04, train=0.0075, val=3.4379]Training LSTM:  19%|█▉        | 19/100 [00:00<00:02, 35.05it/s, auc=0.7529, lr=9.14e-04, train=0.0075, val=3.4379]Training LSTM:  19%|█▉        | 19/100 [00:00<00:02, 35.05it/s, auc=0.7483, lr=9.05e-04, train=0.0033, val=3.4446]Training LSTM:  19%|█▉        | 19/100 [00:00<00:02, 35.05it/s, auc=0.7582, lr=8.95e-04, train=0.0028, val=3.4902]Training LSTM:  19%|█▉        | 19/100 [00:00<00:02, 35.05it/s, auc=0.7625, lr=8.85e-04, train=0.0017, val=3.5104]Training LSTM:  19%|█▉        | 19/100 [00:00<00:02, 35.05it/s, auc=0.7607, lr=8.75e-04, train=0.0012, val=3.4221]Training LSTM:  23%|██▎       | 23/100 [00:00<00:02, 35.26it/s, auc=0.7607, lr=8.75e-04, train=0.0012, val=3.4221]Training LSTM:  23%|██▎       | 23/100 [00:00<00:02, 35.26it/s, auc=0.7590, lr=8.64e-04, train=0.0010, val=3.4746]Training LSTM:  23%|██▎       | 23/100 [00:00<00:02, 35.26it/s, auc=0.7607, lr=8.54e-04, train=0.0008, val=3.5476]Training LSTM:  23%|██▎       | 23/100 [00:00<00:02, 35.26it/s, auc=0.7627, lr=8.42e-04, train=0.0008, val=3.5990]Training LSTM:  23%|██▎       | 23/100 [00:00<00:02, 35.26it/s, auc=0.7627, lr=8.31e-04, train=0.0007, val=3.6399]Training LSTM:  27%|██▋       | 27/100 [00:00<00:02, 35.42it/s, auc=0.7627, lr=8.31e-04, train=0.0007, val=3.6399]Training LSTM:  27%|██▋       | 27/100 [00:00<00:02, 35.42it/s, auc=0.7627, lr=8.19e-04, train=0.0007, val=3.6834]Training LSTM:  27%|██▋       | 27/100 [00:00<00:02, 35.42it/s, auc=0.7620, lr=8.06e-04, train=0.0006, val=3.7146]Training LSTM:  27%|██▋       | 27/100 [00:00<00:02, 35.42it/s, auc=0.7622, lr=7.94e-04, train=0.0005, val=3.7460]Training LSTM:  27%|██▋       | 27/100 [00:00<00:02, 35.42it/s, auc=0.7615, lr=7.81e-04, train=0.0005, val=3.7709]Training LSTM:  31%|███       | 31/100 [00:00<00:01, 35.31it/s, auc=0.7615, lr=7.81e-04, train=0.0005, val=3.7709]Training LSTM:  31%|███       | 31/100 [00:00<00:01, 35.31it/s, auc=0.7600, lr=7.68e-04, train=0.0004, val=3.7953]Training LSTM:  31%|███       | 31/100 [00:00<00:01, 35.31it/s, Early stop @ epoch 32]                            Training LSTM:  31%|███       | 31/100 [00:00<00:02, 33.27it/s, Early stop @ epoch 32]

✓ Best model loaded (epoch 2, val_loss=0.943248, val_auc=0.794189)
Temperature calibration on the validation set...
✓ Calibration : T = 1.8789, bias = -1.2222
Cross-validation completed successfully. Five models were saved.
Output directory ready: outputs/duplicates/isDeceased_lt_28d/target_col/24h_debut_rea_no-fill/Mode_Commonly_Used_Without_pmsi/LstmTimeModified/seed_42_temperature_scaling
[2026-09-15 17:51:47] [STAGE] Evaluating the 5 folds
[2026-09-15 17:51:47] [STAGE] Evaluating fold 1/5

─────────────────── Evaluating Fold 1/5 ───────────────────
Loaded model: models/duplicates/isDeceased_lt_28d/target_col/24h_debut_rea_no-fill/Mode_Commonly_Used_Without_pmsi/LstmTimeModified/seed_42_temperature_scaling/fold_0.pt
✓ Model loaded: models/duplicates/isDeceased_lt_28d/target_col/24h_debut_rea_no-fill/Mode_Commonly_Used_Without_pmsi/LstmTimeModified/seed_42_temperature_scaling/fold_0.pt
  Device        : cuda:0
  Temperature T : 1.1364
  Biais calibr. : -1.7913
Predicting 160 examples...
  Prediction stats:
    - min  : 0.004229
    - max  : 0.860579
    - mean : 0.200112
    - NaN  : 0
    - Inf  : 0
  Exemples valides : 160 / 160

============================================================
EVALUATION RESULTS
============================================================
  Checkpoint    : fold_0.pt
  Device        : cuda:0
  Temperature T : 1.136357
  AUC-ROC       : 0.875977
  Brier Score   : 0.114559
  N test        : 160 / 160
============================================================

[FOLD 1] AUC=0.8760, AUPRC=0.5997, Brier=0.1146, ICI=0.0936
[2026-09-15 17:51:47] [STAGE] Evaluating fold 2/5

─────────────────── Evaluating Fold 2/5 ───────────────────
Loaded model: models/duplicates/isDeceased_lt_28d/target_col/24h_debut_rea_no-fill/Mode_Commonly_Used_Without_pmsi/LstmTimeModified/seed_42_temperature_scaling/fold_1.pt
✓ Model loaded: models/duplicates/isDeceased_lt_28d/target_col/24h_debut_rea_no-fill/Mode_Commonly_Used_Without_pmsi/LstmTimeModified/seed_42_temperature_scaling/fold_1.pt
  Device        : cuda:0
  Temperature T : 1.5357
  Biais calibr. : -0.9679
Predicting 160 examples...
  Prediction stats:
    - min  : 0.017601
    - max  : 0.747208
    - mean : 0.199998
    - NaN  : 0
    - Inf  : 0
  Exemples valides : 160 / 160

============================================================
EVALUATION RESULTS
============================================================
  Checkpoint    : fold_1.pt
  Device        : cuda:0
  Temperature T : 1.535663
  AUC-ROC       : 0.782471
  Brier Score   : 0.128075
  N test        : 160 / 160
============================================================

[FOLD 2] AUC=0.7825, AUPRC=0.4714, Brier=0.1281, ICI=0.0886
[2026-09-15 17:51:47] [STAGE] Evaluating fold 3/5

─────────────────── Evaluating Fold 3/5 ───────────────────
Loaded model: models/duplicates/isDeceased_lt_28d/target_col/24h_debut_rea_no-fill/Mode_Commonly_Used_Without_pmsi/LstmTimeModified/seed_42_temperature_scaling/fold_2.pt
✓ Model loaded: models/duplicates/isDeceased_lt_28d/target_col/24h_debut_rea_no-fill/Mode_Commonly_Used_Without_pmsi/LstmTimeModified/seed_42_temperature_scaling/fold_2.pt
  Device        : cuda:0
  Temperature T : 7.5008
  Biais calibr. : -0.8292
Predicting 160 examples...
  Prediction stats:
    - min  : 0.083038
    - max  : 0.641047
    - mean : 0.199936
    - NaN  : 0
    - Inf  : 0
  Exemples valides : 160 / 160

============================================================
EVALUATION RESULTS
============================================================
  Checkpoint    : fold_2.pt
  Device        : cuda:0
  Temperature T : 7.500776
  AUC-ROC       : 0.792725
  Brier Score   : 0.141256
  N test        : 160 / 160
============================================================

[FOLD 3] AUC=0.7927, AUPRC=0.4197, Brier=0.1413, ICI=0.0693
[2026-09-15 17:51:47] [STAGE] Evaluating fold 4/5

─────────────────── Evaluating Fold 4/5 ───────────────────
Loaded model: models/duplicates/isDeceased_lt_28d/target_col/24h_debut_rea_no-fill/Mode_Commonly_Used_Without_pmsi/LstmTimeModified/seed_42_temperature_scaling/fold_3.pt
✓ Model loaded: models/duplicates/isDeceased_lt_28d/target_col/24h_debut_rea_no-fill/Mode_Commonly_Used_Without_pmsi/LstmTimeModified/seed_42_temperature_scaling/fold_3.pt
  Device        : cuda:0
  Temperature T : 2.6181
  Biais calibr. : -0.8702
Predicting 160 examples...
  Prediction stats:
    - min  : 0.028212
    - max  : 0.748311
    - mean : 0.200051
    - NaN  : 0
    - Inf  : 0
  Exemples valides : 160 / 160

============================================================
EVALUATION RESULTS
============================================================
  Checkpoint    : fold_3.pt
  Device        : cuda:0
  Temperature T : 2.618134
  AUC-ROC       : 0.817871
  Brier Score   : 0.126484
  N test        : 160 / 160
============================================================

[FOLD 4] AUC=0.8179, AUPRC=0.5399, Brier=0.1265, ICI=0.0713
[2026-09-15 17:51:47] [STAGE] Evaluating fold 5/5

─────────────────── Evaluating Fold 5/5 ───────────────────
Loaded model: models/duplicates/isDeceased_lt_28d/target_col/24h_debut_rea_no-fill/Mode_Commonly_Used_Without_pmsi/LstmTimeModified/seed_42_temperature_scaling/fold_4.pt
✓ Model loaded: models/duplicates/isDeceased_lt_28d/target_col/24h_debut_rea_no-fill/Mode_Commonly_Used_Without_pmsi/LstmTimeModified/seed_42_temperature_scaling/fold_4.pt
  Device        : cuda:0
  Temperature T : 1.8789
  Biais calibr. : -1.2222
Predicting 160 examples...
  Prediction stats:
    - min  : 0.020910
    - max  : 0.699049
    - mean : 0.200143
    - NaN  : 0
    - Inf  : 0
  Exemples valides : 160 / 160

============================================================
EVALUATION RESULTS
============================================================
  Checkpoint    : fold_4.pt
  Device        : cuda:0
  Temperature T : 1.878936
  AUC-ROC       : 0.794189
  Brier Score   : 0.134301
  N test        : 160 / 160
============================================================

[FOLD 5] AUC=0.7942, AUPRC=0.4423, Brier=0.1343, ICI=0.0500

==================== FOLD METRICS SUMMARY ====================
auc: 0.8126 (± 0.0377)
auprc: 0.4946 (± 0.0741)
f1_score: 0.5864 (± 0.0328)
mcc: 0.4799 (± 0.0457)
best_threshold: 0.2437 (± 0.1016)
brier: 0.1289 (± 0.0099)
calibration_intercept: -0.0008 (± 0.0005)
calibration_slope: 0.9996 (± 0.0007)
ici: 0.0745 (± 0.0173)
e90: 0.2335 (± 0.0500)

==================== GLOBAL CROSS-VALIDATION SUMMARY ====================
===============================================================================

Generating the pooled out-of-fold calibration curve...
[2026-09-15 17:51:47] [STAGE] Generating final metrics and figures
[LstmTimeModified] --- Shape & Fairness Analysis ---
[LstmTimeModified] Survivors -> Mean Risk: 0.16 (±0.15)
[LstmTimeModified] Deaths    -> Mean Risk: 0.36 (±0.20)
[LstmTimeModified] Decision Threshold (KDE Cross): -0.08
The best F1 score of 0.55 is reached at threshold 0.21
Brier score:  0.12893482374000606
[2026-09-15 17:51:49] [STAGE] Evaluating the independent holdout
✓ Model loaded: models/duplicates/isDeceased_lt_28d/target_col/24h_debut_rea_no-fill/Mode_Commonly_Used_Without_pmsi/LstmTimeModified/seed_42_temperature_scaling/fold_0.pt
  Device        : cuda:0
  Temperature T : 1.1364
  Biais calibr. : -1.7913
Predicting 200 examples...
  Prediction stats:
    - min  : 0.005737
    - max  : 0.805524
    - mean : 0.176359
    - NaN  : 0
    - Inf  : 0
  Exemples valides : 200 / 200

============================================================
EVALUATION RESULTS
============================================================
  Checkpoint    : fold_0.pt
  Device        : cuda:0
  Temperature T : 1.136357
  AUC-ROC       : 0.821250
  Brier Score   : 0.118622
  N test        : 200 / 200
============================================================

✓ Model loaded: models/duplicates/isDeceased_lt_28d/target_col/24h_debut_rea_no-fill/Mode_Commonly_Used_Without_pmsi/LstmTimeModified/seed_42_temperature_scaling/fold_1.pt
  Device        : cuda:0
  Temperature T : 1.5357
  Biais calibr. : -0.9679
Predicting 200 examples...
  Prediction stats:
    - min  : 0.017226
    - max  : 0.703906
    - mean : 0.220861
    - NaN  : 0
    - Inf  : 0
  Exemples valides : 200 / 200

============================================================
EVALUATION RESULTS
============================================================
  Checkpoint    : fold_1.pt
  Device        : cuda:0
  Temperature T : 1.535663
  AUC-ROC       : 0.813438
  Brier Score   : 0.126278
  N test        : 200 / 200
============================================================

✓ Model loaded: models/duplicates/isDeceased_lt_28d/target_col/24h_debut_rea_no-fill/Mode_Commonly_Used_Without_pmsi/LstmTimeModified/seed_42_temperature_scaling/fold_2.pt
  Device        : cuda:0
  Temperature T : 7.5008
  Biais calibr. : -0.8292
Predicting 200 examples...
  Prediction stats:
    - min  : 0.081567
    - max  : 0.628101
    - mean : 0.190523
    - NaN  : 0
    - Inf  : 0
  Exemples valides : 200 / 200

============================================================
EVALUATION RESULTS
============================================================
  Checkpoint    : fold_2.pt
  Device        : cuda:0
  Temperature T : 7.500776
  AUC-ROC       : 0.786094
  Brier Score   : 0.141852
  N test        : 200 / 200
============================================================

✓ Model loaded: models/duplicates/isDeceased_lt_28d/target_col/24h_debut_rea_no-fill/Mode_Commonly_Used_Without_pmsi/LstmTimeModified/seed_42_temperature_scaling/fold_3.pt
  Device        : cuda:0
  Temperature T : 2.6181
  Biais calibr. : -0.8702
Predicting 200 examples...
  Prediction stats:
    - min  : 0.026517
    - max  : 0.721254
    - mean : 0.192778
    - NaN  : 0
    - Inf  : 0
  Exemples valides : 200 / 200

============================================================
EVALUATION RESULTS
============================================================
  Checkpoint    : fold_3.pt
  Device        : cuda:0
  Temperature T : 2.618134
  AUC-ROC       : 0.800156
  Brier Score   : 0.129311
  N test        : 200 / 200
============================================================

✓ Model loaded: models/duplicates/isDeceased_lt_28d/target_col/24h_debut_rea_no-fill/Mode_Commonly_Used_Without_pmsi/LstmTimeModified/seed_42_temperature_scaling/fold_4.pt
  Device        : cuda:0
  Temperature T : 1.8789
  Biais calibr. : -1.2222
Predicting 200 examples...
  Prediction stats:
    - min  : 0.028234
    - max  : 0.678380
    - mean : 0.197870
    - NaN  : 0
    - Inf  : 0
  Exemples valides : 200 / 200

============================================================
EVALUATION RESULTS
============================================================
  Checkpoint    : fold_4.pt
  Device        : cuda:0
  Temperature T : 1.878936
  AUC-ROC       : 0.804375
  Brier Score   : 0.129300
  N test        : 200 / 200
============================================================

[LstmTimeModified] --- Shape & Fairness Analysis ---
[LstmTimeModified] Survivors -> Mean Risk: 0.16 (±0.12)
[LstmTimeModified] Deaths    -> Mean Risk: 0.34 (±0.16)
[LstmTimeModified] Decision Threshold (KDE Cross): -0.05
Brier score:  0.12309970685423936
The best F1 score of 0.55 is reached at threshold 0.25

==================== HOLDOUT BOOTSTRAP SUMMARY ====================
auc: 0.8287 [95% CI 0.7567, 0.8951]
auprc: 0.5799 [95% CI 0.4314, 0.7305]
brier: 0.1231 [95% CI 0.0960, 0.1499]
f1: 0.5225 [95% CI 0.3999, 0.6306]
mcc: 0.3866 [95% CI 0.2427, 0.5221]
calibration_slope: 1.4884 [95% CI 1.0858, 2.0735]
calibration_intercept: 0.5874 [95% CI -0.0472, 1.3213]
ici: 0.0425 [95% CI 0.0375, 0.1015]
e90: 0.2443 [95% CI 0.2257, 0.5131]
[COMPARISON] Model unavailable (skipped): RandomForest TSFEL
[COMPARISON] Model unavailable (skipped): XGBoost TSFEL
[COMPARISON] Model unavailable (skipped): SVC TSFEL
[COMPARISON] Model unavailable (skipped): Logistic Regression Lasso TSFEL
[COMPARISON] Model unavailable (skipped): IGS2
[COMPARISON] Loaded 2 models for comparison.
[COMPARISON] Generating comparative report...
[COMPARISON] Output directory: outputs/duplicates/isDeceased_lt_28d/target_col/24h_debut_rea_no-fill/Mode_Commonly_Used_Without_pmsi/Comparisons_All
[COMPARISON] Running generate_comparative_report...

!!! [EXPERIMENT 4/7] CRASHED !!!
Error encountered: module 'utilitaries.figures.comparison' has no attribute 'old_generate_comparative_report'

[STACKTRACE]
Traceback (most recent call last):
  File "/home/poette.m/mimic-validation/TSFE_methodologie/Clean_Build_Workpackages_Workflow/ICU_Models_Comparison.py", line 2976, in <module>
    comparison_figures.old_generate_comparative_report(
    ^^^^^^^^^^^^^^^^^^^^^^^^^^^^^^^^^^^^^^^^^^^^^^^^^^
AttributeError: module 'utilitaries.figures.comparison' has no attribute 'old_generate_comparative_report'. Did you mean: 'generate_comparative_report'?

!!!!!!!!!!!!!!!!!!!!!!!!!!!!!!!!!!!!!!!!!!!!!!!!!!!!!!!!!!!!!!!!!!!!!!!!!!!!!!!!!!!!!!!!!!

[2026-09-15 17:52:04] [STAGE] Experiment 4 failed (skipped)
[CONFIG] Optuna choices: (False,)

====================================================================================================
[EXPERIMENT 5/7] STARTED
  Model        : RandomForest TSFEL
  Features     : Mode Commonly Used Without pmsi
  Balancing    : Aucune Méthode
  Optuna       : False
====================================================================================================
[2026-09-15 17:52:04] [STAGE] Creating the experiment configuration
[2026-09-15 17:52:04] [STAGE] Initializing hardware and parameters
Is CUDA available? True
Current device: 0
GPU name: NVIDIA GeForce RTX 3090
[2026-09-15 17:52:04] [STAGE] Loading and merging data
[2026-09-15 17:52:04] [STAGE] Preparing and cleaning the dataset
[WINDOWS FILTER] required_length=24, patients before filter=1000, patients retained=1000
Number of features sent to RandomForest TSFEL : 35 : ['score_glasgow', 'is_conscious', 'heart_rate', 'creat', 'is_cvvhf', 'is_hdi', 'pao2', 'is_ventilated', 'fio2_corr', 'age', 'temp', 'pas', 'pam', 'pad', 'bili_tot', 'leucocytes', 'fr', 'ph', 'sodium', 'potassium', 'num_plq', 'blood_urea', 'nad_dose_poids', 'hemoglobine', 'tp', 'spo2', 'hco3', 'glyc_cap', 'admission_type_DIRECT EMER.', 'admission_type_ELECTIVE', 'admission_type_EU OBSERVATION', 'admission_type_EW EMER.', 'admission_type_OBSERVATION ADMIT', 'admission_type_SURGICAL SAME DAY ADMISSION', 'admission_type_URGENT']
[2026-09-15 17:52:04] [STAGE] Preparing model data and the initial holdout
inputs/duplicates/isDeceased_lt_28d/target_col/24h_debut_rea_no-fill/Mode_Commonly_Used_Without_pmsi/tsfel_boruta/train/balanced_seed_42/fold_0.parquet inputs/duplicates/isDeceased_lt_28d/target_col/24h_debut_rea_no-fill/Mode_Commonly_Used_Without_pmsi/tsfel_boruta/test/balanced_seed_42/fold_0.parquet False
[2026-09-15 17:52:05] [STAGE] Building and preprocessing the 5 folds
Loaded correlation threshold: 0.7000
[2026-09-15 17:52:05] [STAGE] Rendering correlation maps and static synthesis
[2026-09-15 17:52:17] [STAGE] Skipping corr/var filtering (Boruta cache exists)
[2026-09-15 17:52:17] [STAGE] Resolving Boruta cross-fold features

─────────────────── Processing Fold 1/5 ───────────────────
Reading existing Boruta-filtered files for fold 0 (seed 42).
[FEATURE TRACE] Saved feature trace for fold 0 to inputs/duplicates/isDeceased_lt_28d/target_col/24h_debut_rea_no-fill/Mode_Commonly_Used_Without_pmsi/tsfel_boruta/train/balanced_seed_42/feature_trace_fold_0.json

─────────────────── Processing Fold 2/5 ───────────────────
Reading existing Boruta-filtered files for fold 1 (seed 42).
[FEATURE TRACE] Saved feature trace for fold 1 to inputs/duplicates/isDeceased_lt_28d/target_col/24h_debut_rea_no-fill/Mode_Commonly_Used_Without_pmsi/tsfel_boruta/train/balanced_seed_42/feature_trace_fold_1.json

─────────────────── Processing Fold 3/5 ───────────────────
Reading existing Boruta-filtered files for fold 2 (seed 42).
[FEATURE TRACE] Saved feature trace for fold 2 to inputs/duplicates/isDeceased_lt_28d/target_col/24h_debut_rea_no-fill/Mode_Commonly_Used_Without_pmsi/tsfel_boruta/train/balanced_seed_42/feature_trace_fold_2.json

─────────────────── Processing Fold 4/5 ───────────────────
Reading existing Boruta-filtered files for fold 3 (seed 42).
[FEATURE TRACE] Saved feature trace for fold 3 to inputs/duplicates/isDeceased_lt_28d/target_col/24h_debut_rea_no-fill/Mode_Commonly_Used_Without_pmsi/tsfel_boruta/train/balanced_seed_42/feature_trace_fold_3.json

─────────────────── Processing Fold 5/5 ───────────────────
Reading existing Boruta-filtered files for fold 4 (seed 42).
[FEATURE TRACE] Saved feature trace for fold 4 to inputs/duplicates/isDeceased_lt_28d/target_col/24h_debut_rea_no-fill/Mode_Commonly_Used_Without_pmsi/tsfel_boruta/train/balanced_seed_42/feature_trace_fold_4.json
All 5 folds were computed successfully!
[2026-09-15 17:52:18] [STAGE] Preparing training
Training started
--> Applied parameters: {'n_estimators': 200, 'max_depth': 12, 'min_samples_split': 5, 'min_samples_leaf': 2, 'class_weight': 'balanced'}

[2026-09-15 17:52:18] [STAGE] Training fold 1/5

─────────────────── Training Fold 1/5 ───────────────────
    [INFO] Calibration enabled (platt). Splitting the fold with StratifiedGroupKFold...
    [LEARNING CURVE] Starting the unified learning-curve stage loop...
      -> Stage 20% (85 patients) [TEMPORARY]
      -> Stage 40% (170 patients) [TEMPORARY]
      -> Stage 60% (256 patients) [TEMPORARY]
      -> Stage 80% (341 patients) [TEMPORARY]
      -> Stage 100% (427 patients) [FINAL TRAINING & DISK SAVE]
    [INFO] Applying calibration platt to the held-out calibration set...
--> Final model saved to models/duplicates/isDeceased_lt_28d/target_col/24h_debut_rea_no-fill/Mode_Commonly_Used_Without_pmsi/RandomForest_TSFEL/balanced_seed_42_platt/fold_0.joblib
[2026-09-15 17:52:20] [STAGE] Training fold 2/5

─────────────────── Training Fold 2/5 ───────────────────
    [INFO] Calibration enabled (platt). Splitting the fold with StratifiedGroupKFold...
    [LEARNING CURVE] Starting the unified learning-curve stage loop...
      -> Stage 20% (85 patients) [TEMPORARY]
      -> Stage 40% (170 patients) [TEMPORARY]
      -> Stage 60% (256 patients) [TEMPORARY]
      -> Stage 80% (341 patients) [TEMPORARY]
      -> Stage 100% (427 patients) [FINAL TRAINING & DISK SAVE]
    [INFO] Applying calibration platt to the held-out calibration set...
--> Final model saved to models/duplicates/isDeceased_lt_28d/target_col/24h_debut_rea_no-fill/Mode_Commonly_Used_Without_pmsi/RandomForest_TSFEL/balanced_seed_42_platt/fold_1.joblib
[2026-09-15 17:52:22] [STAGE] Training fold 3/5

─────────────────── Training Fold 3/5 ───────────────────
    [INFO] Calibration enabled (platt). Splitting the fold with StratifiedGroupKFold...
    [LEARNING CURVE] Starting the unified learning-curve stage loop...
      -> Stage 20% (85 patients) [TEMPORARY]
      -> Stage 40% (170 patients) [TEMPORARY]
      -> Stage 60% (255 patients) [TEMPORARY]
      -> Stage 80% (340 patients) [TEMPORARY]
      -> Stage 100% (426 patients) [FINAL TRAINING & DISK SAVE]
    [INFO] Applying calibration platt to the held-out calibration set...
--> Final model saved to models/duplicates/isDeceased_lt_28d/target_col/24h_debut_rea_no-fill/Mode_Commonly_Used_Without_pmsi/RandomForest_TSFEL/balanced_seed_42_platt/fold_2.joblib
[2026-09-15 17:52:25] [STAGE] Training fold 4/5

─────────────────── Training Fold 4/5 ───────────────────
    [INFO] Calibration enabled (platt). Splitting the fold with StratifiedGroupKFold...
    [LEARNING CURVE] Starting the unified learning-curve stage loop...
      -> Stage 20% (85 patients) [TEMPORARY]
      -> Stage 40% (170 patients) [TEMPORARY]
      -> Stage 60% (255 patients) [TEMPORARY]
      -> Stage 80% (340 patients) [TEMPORARY]
      -> Stage 100% (426 patients) [FINAL TRAINING & DISK SAVE]
    [INFO] Applying calibration platt to the held-out calibration set...
--> Final model saved to models/duplicates/isDeceased_lt_28d/target_col/24h_debut_rea_no-fill/Mode_Commonly_Used_Without_pmsi/RandomForest_TSFEL/balanced_seed_42_platt/fold_3.joblib
[2026-09-15 17:52:27] [STAGE] Training fold 5/5

─────────────────── Training Fold 5/5 ───────────────────
    [INFO] Calibration enabled (platt). Splitting the fold with StratifiedGroupKFold...
    [LEARNING CURVE] Starting the unified learning-curve stage loop...
      -> Stage 20% (85 patients) [TEMPORARY]
      -> Stage 40% (170 patients) [TEMPORARY]
      -> Stage 60% (255 patients) [TEMPORARY]
      -> Stage 80% (340 patients) [TEMPORARY]
      -> Stage 100% (426 patients) [FINAL TRAINING & DISK SAVE]
    [INFO] Applying calibration platt to the held-out calibration set...
--> Final model saved to models/duplicates/isDeceased_lt_28d/target_col/24h_debut_rea_no-fill/Mode_Commonly_Used_Without_pmsi/RandomForest_TSFEL/balanced_seed_42_platt/fold_4.joblib
Cross-validation completed successfully. Five models were saved.
Output directory ready: outputs/duplicates/isDeceased_lt_28d/target_col/24h_debut_rea_no-fill/Mode_Commonly_Used_Without_pmsi/RandomForest_TSFEL/balanced_seed_42_platt
[2026-09-15 17:52:30] [STAGE] Evaluating the 5 folds
[2026-09-15 17:52:30] [STAGE] Evaluating fold 1/5

─────────────────── Evaluating Fold 1/5 ───────────────────
Loaded model: models/duplicates/isDeceased_lt_28d/target_col/24h_debut_rea_no-fill/Mode_Commonly_Used_Without_pmsi/RandomForest_TSFEL/balanced_seed_42_platt/fold_0.joblib
No feature names were found in the root estimator. Using raw NumPy matrices.
    [INFO] Calibrated estimator detected on disk.
Fold 1 test accuracy: 0.8250
[FOLD 1] AUC=0.8499, AUPRC=0.5338, Brier=0.1194, ICI=0.0890
[2026-09-15 17:52:30] [STAGE] Evaluating fold 2/5

─────────────────── Evaluating Fold 2/5 ───────────────────
Loaded model: models/duplicates/isDeceased_lt_28d/target_col/24h_debut_rea_no-fill/Mode_Commonly_Used_Without_pmsi/RandomForest_TSFEL/balanced_seed_42_platt/fold_1.joblib
No feature names were found in the root estimator. Using raw NumPy matrices.
    [INFO] Calibrated estimator detected on disk.
Fold 2 test accuracy: 0.8375
[FOLD 2] AUC=0.8035, AUPRC=0.5222, Brier=0.1263, ICI=0.0603
[2026-09-15 17:52:30] [STAGE] Evaluating fold 3/5

─────────────────── Evaluating Fold 3/5 ───────────────────
Loaded model: models/duplicates/isDeceased_lt_28d/target_col/24h_debut_rea_no-fill/Mode_Commonly_Used_Without_pmsi/RandomForest_TSFEL/balanced_seed_42_platt/fold_2.joblib
No feature names were found in the root estimator. Using raw NumPy matrices.
    [INFO] Calibrated estimator detected on disk.
Fold 3 test accuracy: 0.7937
[FOLD 3] AUC=0.8274, AUPRC=0.4661, Brier=0.1304, ICI=0.0844
[2026-09-15 17:52:31] [STAGE] Evaluating fold 4/5

─────────────────── Evaluating Fold 4/5 ───────────────────
Loaded model: models/duplicates/isDeceased_lt_28d/target_col/24h_debut_rea_no-fill/Mode_Commonly_Used_Without_pmsi/RandomForest_TSFEL/balanced_seed_42_platt/fold_3.joblib
No feature names were found in the root estimator. Using raw NumPy matrices.
    [INFO] Calibrated estimator detected on disk.
Fold 4 test accuracy: 0.7937
[FOLD 4] AUC=0.7275, AUPRC=0.4573, Brier=0.1467, ICI=0.0829
[2026-09-15 17:52:31] [STAGE] Evaluating fold 5/5

─────────────────── Evaluating Fold 5/5 ───────────────────
Loaded model: models/duplicates/isDeceased_lt_28d/target_col/24h_debut_rea_no-fill/Mode_Commonly_Used_Without_pmsi/RandomForest_TSFEL/balanced_seed_42_platt/fold_4.joblib
No feature names were found in the root estimator. Using raw NumPy matrices.
    [INFO] Calibrated estimator detected on disk.
Fold 5 test accuracy: 0.7937
[FOLD 5] AUC=0.8149, AUPRC=0.4589, Brier=0.1328, ICI=0.0726

==================== FOLD METRICS SUMMARY ====================
auc: 0.8046 (± 0.0464)
auprc: 0.4877 (± 0.0372)
f1_score: 0.5506 (± 0.0507)
mcc: 0.4327 (± 0.0664)
best_threshold: 0.2078 (± 0.1010)
brier: 0.1311 (± 0.0101)
calibration_intercept: 0.0146 (± 0.2577)
calibration_slope: 0.9631 (± 0.2069)
ici: 0.0778 (± 0.0115)
e90: 0.2723 (± 0.0711)

==================== GLOBAL CROSS-VALIDATION SUMMARY ====================
Mean accuracy: 0.8088 (± 0.0210)

Aggregated classification report across all 5 folds:
              precision    recall  f1-score   support

       Alive       0.84      0.95      0.89       640
    Deceased       0.55      0.26      0.35       160

    accuracy                           0.81       800
   macro avg       0.69      0.60      0.62       800
weighted avg       0.78      0.81      0.78       800

===============================================================================

Generating the pooled out-of-fold calibration curve...
[2026-09-15 17:52:31] [STAGE] Generating final metrics and figures
[RandomForest TSFEL] --- Shape & Fairness Analysis ---
[RandomForest TSFEL] Survivors -> Mean Risk: 0.15 (±0.16)
[RandomForest TSFEL] Deaths    -> Mean Risk: 0.35 (±0.22)
Warning: Unbalanced uncertainty! The model is less confident on one of the classes.
[RandomForest TSFEL] Decision Threshold (KDE Cross): -0.08
The best F1 score of 0.53 is reached at threshold 0.21
Brier score:  0.13111721231415988
[2026-09-15 17:52:33] [STAGE] Evaluating the independent holdout
No feature names were found in the root estimator. Using raw NumPy matrices.
    [INFO] Calibrated estimator detected on disk.
Fold 1 test accuracy: 0.8250
No feature names were found in the root estimator. Using raw NumPy matrices.
    [INFO] Calibrated estimator detected on disk.
Fold 2 test accuracy: 0.8150
No feature names were found in the root estimator. Using raw NumPy matrices.
    [INFO] Calibrated estimator detected on disk.
Fold 3 test accuracy: 0.8300
No feature names were found in the root estimator. Using raw NumPy matrices.
    [INFO] Calibrated estimator detected on disk.
Fold 4 test accuracy: 0.8200
No feature names were found in the root estimator. Using raw NumPy matrices.
    [INFO] Calibrated estimator detected on disk.
Fold 5 test accuracy: 0.8300
[RandomForest TSFEL] --- Shape & Fairness Analysis ---
[RandomForest TSFEL] Survivors -> Mean Risk: 0.14 (±0.13)
[RandomForest TSFEL] Deaths    -> Mean Risk: 0.35 (±0.18)
Warning: Unbalanced uncertainty! The model is less confident on one of the classes.
[RandomForest TSFEL] Decision Threshold (KDE Cross): 0.19
Brier score:  0.11953217739201005
The best F1 score of 0.58 is reached at threshold 0.21

==================== HOLDOUT BOOTSTRAP SUMMARY ====================
auc: 0.8541 [95% CI 0.7939, 0.9091]
auprc: 0.5945 [95% CI 0.4440, 0.7381]
brier: 0.1195 [95% CI 0.0921, 0.1489]
f1: 0.5849 [95% CI 0.4615, 0.6891]
mcc: 0.4732 [95% CI 0.3357, 0.6021]
calibration_slope: 1.4279 [95% CI 1.0546, 1.9904]
calibration_intercept: 0.6252 [95% CI -0.0173, 1.4364]
ici: 0.0444 [95% CI 0.0326, 0.1046]
e90: 0.1484 [95% CI 0.1257, 0.4013]
[COMPARISON] Model unavailable (skipped): InceptionTimeModified
[COMPARISON] Model unavailable (skipped): LstmTimeModified
[COMPARISON] Model unavailable (skipped): SVC TSFEL
[COMPARISON] Model unavailable (skipped): Logistic Regression Lasso TSFEL
[COMPARISON] Model unavailable (skipped): IGS2
[COMPARISON] Loaded 2 models for comparison.
[COMPARISON] Generating comparative report...
[COMPARISON] Output directory: outputs/duplicates/isDeceased_lt_28d/target_col/24h_debut_rea_no-fill/Mode_Commonly_Used_Without_pmsi/Comparisons_All
[COMPARISON] Running generate_comparative_report...

!!! [EXPERIMENT 5/7] CRASHED !!!
Error encountered: module 'utilitaries.figures.comparison' has no attribute 'old_generate_comparative_report'

[STACKTRACE]
Traceback (most recent call last):
  File "/home/poette.m/mimic-validation/TSFE_methodologie/Clean_Build_Workpackages_Workflow/ICU_Models_Comparison.py", line 2976, in <module>
    comparison_figures.old_generate_comparative_report(
    ^^^^^^^^^^^^^^^^^^^^^^^^^^^^^^^^^^^^^^^^^^^^^^^^^^
AttributeError: module 'utilitaries.figures.comparison' has no attribute 'old_generate_comparative_report'. Did you mean: 'generate_comparative_report'?

!!!!!!!!!!!!!!!!!!!!!!!!!!!!!!!!!!!!!!!!!!!!!!!!!!!!!!!!!!!!!!!!!!!!!!!!!!!!!!!!!!!!!!!!!!

[2026-09-15 17:52:49] [STAGE] Experiment 5 failed (skipped)
[CONFIG] Optuna choices: (False,)

====================================================================================================
[EXPERIMENT 6/7] STARTED
  Model        : SVC TSFEL
  Features     : Mode Commonly Used Without pmsi
  Balancing    : Aucune Méthode
  Optuna       : False
====================================================================================================
[2026-09-15 17:52:49] [STAGE] Creating the experiment configuration
[2026-09-15 17:52:49] [STAGE] Initializing hardware and parameters
Is CUDA available? True
Current device: 0
GPU name: NVIDIA GeForce RTX 3090
[2026-09-15 17:52:49] [STAGE] Loading and merging data
[2026-09-15 17:52:49] [STAGE] Preparing and cleaning the dataset
[WINDOWS FILTER] required_length=24, patients before filter=1000, patients retained=1000
Number of features sent to SVC TSFEL : 35 : ['score_glasgow', 'is_conscious', 'heart_rate', 'creat', 'is_cvvhf', 'is_hdi', 'pao2', 'is_ventilated', 'fio2_corr', 'age', 'temp', 'pas', 'pam', 'pad', 'bili_tot', 'leucocytes', 'fr', 'ph', 'sodium', 'potassium', 'num_plq', 'blood_urea', 'nad_dose_poids', 'hemoglobine', 'tp', 'spo2', 'hco3', 'glyc_cap', 'admission_type_DIRECT EMER.', 'admission_type_ELECTIVE', 'admission_type_EU OBSERVATION', 'admission_type_EW EMER.', 'admission_type_OBSERVATION ADMIT', 'admission_type_SURGICAL SAME DAY ADMISSION', 'admission_type_URGENT']
[2026-09-15 17:52:50] [STAGE] Preparing model data and the initial holdout
inputs/duplicates/isDeceased_lt_28d/target_col/24h_debut_rea_no-fill/Mode_Commonly_Used_Without_pmsi/tsfel_boruta/train/balanced_seed_42/fold_0.parquet inputs/duplicates/isDeceased_lt_28d/target_col/24h_debut_rea_no-fill/Mode_Commonly_Used_Without_pmsi/tsfel_boruta/test/balanced_seed_42/fold_0.parquet False
[2026-09-15 17:52:50] [STAGE] Building and preprocessing the 5 folds
Loaded correlation threshold: 0.7000
[2026-09-15 17:52:50] [STAGE] Rendering correlation maps and static synthesis
[2026-09-15 17:53:02] [STAGE] Skipping corr/var filtering (Boruta cache exists)
[2026-09-15 17:53:02] [STAGE] Resolving Boruta cross-fold features

─────────────────── Processing Fold 1/5 ───────────────────
Reading existing Boruta-filtered files for fold 0 (seed 42).
[FEATURE TRACE] Saved feature trace for fold 0 to inputs/duplicates/isDeceased_lt_28d/target_col/24h_debut_rea_no-fill/Mode_Commonly_Used_Without_pmsi/tsfel_boruta/train/balanced_seed_42/feature_trace_fold_0.json

─────────────────── Processing Fold 2/5 ───────────────────
Reading existing Boruta-filtered files for fold 1 (seed 42).
[FEATURE TRACE] Saved feature trace for fold 1 to inputs/duplicates/isDeceased_lt_28d/target_col/24h_debut_rea_no-fill/Mode_Commonly_Used_Without_pmsi/tsfel_boruta/train/balanced_seed_42/feature_trace_fold_1.json

─────────────────── Processing Fold 3/5 ───────────────────
Reading existing Boruta-filtered files for fold 2 (seed 42).
[FEATURE TRACE] Saved feature trace for fold 2 to inputs/duplicates/isDeceased_lt_28d/target_col/24h_debut_rea_no-fill/Mode_Commonly_Used_Without_pmsi/tsfel_boruta/train/balanced_seed_42/feature_trace_fold_2.json

─────────────────── Processing Fold 4/5 ───────────────────
Reading existing Boruta-filtered files for fold 3 (seed 42).
[FEATURE TRACE] Saved feature trace for fold 3 to inputs/duplicates/isDeceased_lt_28d/target_col/24h_debut_rea_no-fill/Mode_Commonly_Used_Without_pmsi/tsfel_boruta/train/balanced_seed_42/feature_trace_fold_3.json

─────────────────── Processing Fold 5/5 ───────────────────
Reading existing Boruta-filtered files for fold 4 (seed 42).
[FEATURE TRACE] Saved feature trace for fold 4 to inputs/duplicates/isDeceased_lt_28d/target_col/24h_debut_rea_no-fill/Mode_Commonly_Used_Without_pmsi/tsfel_boruta/train/balanced_seed_42/feature_trace_fold_4.json
All 5 folds were computed successfully!
[2026-09-15 17:53:03] [STAGE] Preparing training
Training started
--> Applied parameters: {'C': 1.0, 'gamma': 'scale', 'kernel': 'rbf', 'class_weight': 'balanced'}

[2026-09-15 17:53:03] [STAGE] Training fold 1/5

─────────────────── Training Fold 1/5 ───────────────────
    [LEARNING CURVE] Starting the unified learning-curve stage loop...
      -> Stage 20% (128 patients) [TEMPORARY]
      -> Stage 40% (256 patients) [TEMPORARY]
      -> Stage 60% (384 patients) [TEMPORARY]
      -> Stage 80% (512 patients) [TEMPORARY]
      -> Stage 100% (640 patients) [FINAL TRAINING & DISK SAVE]
--> Final model saved to models/duplicates/isDeceased_lt_28d/target_col/24h_debut_rea_no-fill/Mode_Commonly_Used_Without_pmsi/SVC_TSFEL/balanced_seed_42/fold_0.joblib
[2026-09-15 17:53:03] [STAGE] Training fold 2/5

─────────────────── Training Fold 2/5 ───────────────────
    [LEARNING CURVE] Starting the unified learning-curve stage loop...
      -> Stage 20% (128 patients) [TEMPORARY]
      -> Stage 40% (256 patients) [TEMPORARY]
      -> Stage 60% (384 patients) [TEMPORARY]
      -> Stage 80% (512 patients) [TEMPORARY]
      -> Stage 100% (640 patients) [FINAL TRAINING & DISK SAVE]
--> Final model saved to models/duplicates/isDeceased_lt_28d/target_col/24h_debut_rea_no-fill/Mode_Commonly_Used_Without_pmsi/SVC_TSFEL/balanced_seed_42/fold_1.joblib
[2026-09-15 17:53:03] [STAGE] Training fold 3/5

─────────────────── Training Fold 3/5 ───────────────────
    [LEARNING CURVE] Starting the unified learning-curve stage loop...
      -> Stage 20% (128 patients) [TEMPORARY]
      -> Stage 40% (256 patients) [TEMPORARY]
      -> Stage 60% (384 patients) [TEMPORARY]
      -> Stage 80% (512 patients) [TEMPORARY]
      -> Stage 100% (640 patients) [FINAL TRAINING & DISK SAVE]
--> Final model saved to models/duplicates/isDeceased_lt_28d/target_col/24h_debut_rea_no-fill/Mode_Commonly_Used_Without_pmsi/SVC_TSFEL/balanced_seed_42/fold_2.joblib
[2026-09-15 17:53:03] [STAGE] Training fold 4/5

─────────────────── Training Fold 4/5 ───────────────────
    [LEARNING CURVE] Starting the unified learning-curve stage loop...
      -> Stage 20% (128 patients) [TEMPORARY]
      -> Stage 40% (256 patients) [TEMPORARY]
      -> Stage 60% (384 patients) [TEMPORARY]
      -> Stage 80% (512 patients) [TEMPORARY]
      -> Stage 100% (640 patients) [FINAL TRAINING & DISK SAVE]
--> Final model saved to models/duplicates/isDeceased_lt_28d/target_col/24h_debut_rea_no-fill/Mode_Commonly_Used_Without_pmsi/SVC_TSFEL/balanced_seed_42/fold_3.joblib
[2026-09-15 17:53:04] [STAGE] Training fold 5/5

─────────────────── Training Fold 5/5 ───────────────────
    [LEARNING CURVE] Starting the unified learning-curve stage loop...
      -> Stage 20% (128 patients) [TEMPORARY]
      -> Stage 40% (256 patients) [TEMPORARY]
      -> Stage 60% (384 patients) [TEMPORARY]
      -> Stage 80% (512 patients) [TEMPORARY]
      -> Stage 100% (640 patients) [FINAL TRAINING & DISK SAVE]
--> Final model saved to models/duplicates/isDeceased_lt_28d/target_col/24h_debut_rea_no-fill/Mode_Commonly_Used_Without_pmsi/SVC_TSFEL/balanced_seed_42/fold_4.joblib
Cross-validation completed successfully. Five models were saved.
Output directory ready: outputs/duplicates/isDeceased_lt_28d/target_col/24h_debut_rea_no-fill/Mode_Commonly_Used_Without_pmsi/SVC_TSFEL/balanced_seed_42
[2026-09-15 17:53:04] [STAGE] Evaluating the 5 folds
[2026-09-15 17:53:04] [STAGE] Evaluating fold 1/5

─────────────────── Evaluating Fold 1/5 ───────────────────
Loaded model: models/duplicates/isDeceased_lt_28d/target_col/24h_debut_rea_no-fill/Mode_Commonly_Used_Without_pmsi/SVC_TSFEL/balanced_seed_42/fold_0.joblib
No feature names were found in the root estimator. Using raw NumPy matrices.
    [INFO] Uncalibrated estimator detected on disk.
Fold 1 test accuracy: 0.8125
[FOLD 1] AUC=0.8604, AUPRC=0.5852, Brier=0.1169, ICI=0.0538
[2026-09-15 17:53:04] [STAGE] Evaluating fold 2/5

─────────────────── Evaluating Fold 2/5 ───────────────────
Loaded model: models/duplicates/isDeceased_lt_28d/target_col/24h_debut_rea_no-fill/Mode_Commonly_Used_Without_pmsi/SVC_TSFEL/balanced_seed_42/fold_1.joblib
No feature names were found in the root estimator. Using raw NumPy matrices.
    [INFO] Uncalibrated estimator detected on disk.
Fold 2 test accuracy: 0.7812
[FOLD 2] AUC=0.8000, AUPRC=0.4844, Brier=0.1321, ICI=0.0666
[2026-09-15 17:53:04] [STAGE] Evaluating fold 3/5

─────────────────── Evaluating Fold 3/5 ───────────────────
Loaded model: models/duplicates/isDeceased_lt_28d/target_col/24h_debut_rea_no-fill/Mode_Commonly_Used_Without_pmsi/SVC_TSFEL/balanced_seed_42/fold_2.joblib
No feature names were found in the root estimator. Using raw NumPy matrices.
    [INFO] Uncalibrated estimator detected on disk.
Fold 3 test accuracy: 0.8438
[FOLD 3] AUC=0.8677, AUPRC=0.6139, Brier=0.1156, ICI=0.0720
[2026-09-15 17:53:04] [STAGE] Evaluating fold 4/5

─────────────────── Evaluating Fold 4/5 ───────────────────
Loaded model: models/duplicates/isDeceased_lt_28d/target_col/24h_debut_rea_no-fill/Mode_Commonly_Used_Without_pmsi/SVC_TSFEL/balanced_seed_42/fold_3.joblib
No feature names were found in the root estimator. Using raw NumPy matrices.
    [INFO] Uncalibrated estimator detected on disk.
Fold 4 test accuracy: 0.8250
[FOLD 4] AUC=0.8105, AUPRC=0.5629, Brier=0.1244, ICI=0.0582
[2026-09-15 17:53:04] [STAGE] Evaluating fold 5/5

─────────────────── Evaluating Fold 5/5 ───────────────────
Loaded model: models/duplicates/isDeceased_lt_28d/target_col/24h_debut_rea_no-fill/Mode_Commonly_Used_Without_pmsi/SVC_TSFEL/balanced_seed_42/fold_4.joblib
No feature names were found in the root estimator. Using raw NumPy matrices.
    [INFO] Uncalibrated estimator detected on disk.
Fold 5 test accuracy: 0.7937
[FOLD 5] AUC=0.8252, AUPRC=0.4481, Brier=0.1376, ICI=0.0955

==================== FOLD METRICS SUMMARY ====================
auc: 0.8328 (± 0.0300)
auprc: 0.5389 (± 0.0699)
f1_score: 0.5891 (± 0.0245)
mcc: 0.4772 (± 0.0316)
best_threshold: 0.2208 (± 0.0297)
brier: 0.1253 (± 0.0095)
calibration_intercept: 0.0192 (± 0.3590)
calibration_slope: 1.0413 (± 0.2331)
ici: 0.0692 (± 0.0163)
e90: 0.2869 (± 0.0506)

==================== GLOBAL CROSS-VALIDATION SUMMARY ====================
Mean accuracy: 0.8113 (± 0.0248)

Aggregated classification report across all 5 folds:
              precision    recall  f1-score   support

       Alive       0.85      0.93      0.89       640
    Deceased       0.55      0.32      0.40       160

    accuracy                           0.81       800
   macro avg       0.70      0.63      0.65       800
weighted avg       0.79      0.81      0.79       800

===============================================================================

Generating the pooled out-of-fold calibration curve...
[2026-09-15 17:53:05] [STAGE] Generating final metrics and figures
[SVC TSFEL] --- Shape & Fairness Analysis ---
[SVC TSFEL] Survivors -> Mean Risk: 0.16 (±0.16)
[SVC TSFEL] Deaths    -> Mean Risk: 0.39 (±0.22)
Warning: Unbalanced uncertainty! The model is less confident on one of the classes.
[SVC TSFEL] Decision Threshold (KDE Cross): -0.09
The best F1 score of 0.57 is reached at threshold 0.21
Brier score:  0.12530844863236584
[2026-09-15 17:53:06] [STAGE] Evaluating the independent holdout
No feature names were found in the root estimator. Using raw NumPy matrices.
    [INFO] Uncalibrated estimator detected on disk.
Fold 1 test accuracy: 0.8100
No feature names were found in the root estimator. Using raw NumPy matrices.
    [INFO] Uncalibrated estimator detected on disk.
Fold 2 test accuracy: 0.8250
No feature names were found in the root estimator. Using raw NumPy matrices.
    [INFO] Uncalibrated estimator detected on disk.
Fold 3 test accuracy: 0.8200
No feature names were found in the root estimator. Using raw NumPy matrices.
    [INFO] Uncalibrated estimator detected on disk.
Fold 4 test accuracy: 0.8100
No feature names were found in the root estimator. Using raw NumPy matrices.
    [INFO] Uncalibrated estimator detected on disk.
Fold 5 test accuracy: 0.8050
[SVC TSFEL] --- Shape & Fairness Analysis ---
[SVC TSFEL] Survivors -> Mean Risk: 0.15 (±0.13)
[SVC TSFEL] Deaths    -> Mean Risk: 0.31 (±0.18)
[SVC TSFEL] Decision Threshold (KDE Cross): -0.10
Brier score:  0.13180836250645186
The best F1 score of 0.50 is reached at threshold 0.20

==================== HOLDOUT BOOTSTRAP SUMMARY ====================
auc: 0.7999 [95% CI 0.7254, 0.8671]
auprc: 0.4847 [95% CI 0.3390, 0.6608]
brier: 0.1318 [95% CI 0.1018, 0.1632]
f1: 0.4536 [95% CI 0.3243, 0.5626]
mcc: 0.2935 [95% CI 0.1438, 0.4359]
calibration_slope: 1.0760 [95% CI 0.7501, 1.4935]
calibration_intercept: 0.2514 [95% CI -0.3770, 0.8764]
ici: 0.0838 [95% CI 0.0510, 0.1326]
e90: 0.2328 [95% CI 0.1811, 0.5201]
[2026-09-15 17:53:21] [STAGE] Skipping interpretability for SVC
[COMPARISON] Model unavailable (skipped): InceptionTimeModified
[COMPARISON] Model unavailable (skipped): LstmTimeModified
[COMPARISON] Model unavailable (skipped): RandomForest TSFEL
[COMPARISON] Model unavailable (skipped): XGBoost TSFEL
[COMPARISON] Model unavailable (skipped): Logistic Regression Lasso TSFEL
[COMPARISON] Model unavailable (skipped): IGS2
[COMPARISON] Loaded 1 models for comparison.
[COMPARISON] Generating comparative report...
[COMPARISON] Output directory: outputs/duplicates/isDeceased_lt_28d/target_col/24h_debut_rea_no-fill/Mode_Commonly_Used_Without_pmsi/Comparisons_All
[COMPARISON] Running generate_comparative_report...

!!! [EXPERIMENT 6/7] CRASHED !!!
Error encountered: module 'utilitaries.figures.comparison' has no attribute 'old_generate_comparative_report'

[STACKTRACE]
Traceback (most recent call last):
  File "/home/poette.m/mimic-validation/TSFE_methodologie/Clean_Build_Workpackages_Workflow/ICU_Models_Comparison.py", line 2976, in <module>
    comparison_figures.old_generate_comparative_report(
    ^^^^^^^^^^^^^^^^^^^^^^^^^^^^^^^^^^^^^^^^^^^^^^^^^^
AttributeError: module 'utilitaries.figures.comparison' has no attribute 'old_generate_comparative_report'. Did you mean: 'generate_comparative_report'?

!!!!!!!!!!!!!!!!!!!!!!!!!!!!!!!!!!!!!!!!!!!!!!!!!!!!!!!!!!!!!!!!!!!!!!!!!!!!!!!!!!!!!!!!!!

[2026-09-15 17:53:21] [STAGE] Experiment 6 failed (skipped)
[CONFIG] Optuna choices: [False]

====================================================================================================
[EXPERIMENT 7/7] STARTED
  Model        : Logistic Regression Lasso TSFEL
  Features     : Mode Commonly Used Without pmsi
  Balancing    : Aucune Méthode
  Optuna       : False
====================================================================================================
[2026-09-15 17:53:21] [STAGE] Creating the experiment configuration
[2026-09-15 17:53:21] [STAGE] Initializing hardware and parameters
Is CUDA available? True
Current device: 0
GPU name: NVIDIA GeForce RTX 3090
[2026-09-15 17:53:21] [STAGE] Loading and merging data
[2026-09-15 17:53:21] [STAGE] Preparing and cleaning the dataset
[WINDOWS FILTER] required_length=24, patients before filter=1000, patients retained=1000
Number of features sent to Logistic Regression Lasso TSFEL : 35 : ['score_glasgow', 'is_conscious', 'heart_rate', 'creat', 'is_cvvhf', 'is_hdi', 'pao2', 'is_ventilated', 'fio2_corr', 'age', 'temp', 'pas', 'pam', 'pad', 'bili_tot', 'leucocytes', 'fr', 'ph', 'sodium', 'potassium', 'num_plq', 'blood_urea', 'nad_dose_poids', 'hemoglobine', 'tp', 'spo2', 'hco3', 'glyc_cap', 'admission_type_DIRECT EMER.', 'admission_type_ELECTIVE', 'admission_type_EU OBSERVATION', 'admission_type_EW EMER.', 'admission_type_OBSERVATION ADMIT', 'admission_type_SURGICAL SAME DAY ADMISSION', 'admission_type_URGENT']
[2026-09-15 17:53:21] [STAGE] Preparing model data and the initial holdout
inputs/duplicates/isDeceased_lt_28d/target_col/24h_debut_rea_no-fill/Mode_Commonly_Used_Without_pmsi/tsfel_boruta/train/balanced_seed_42/fold_0.parquet inputs/duplicates/isDeceased_lt_28d/target_col/24h_debut_rea_no-fill/Mode_Commonly_Used_Without_pmsi/tsfel_boruta/test/balanced_seed_42/fold_0.parquet False
[2026-09-15 17:53:22] [STAGE] Building and preprocessing the 5 folds
Loaded correlation threshold: 0.7000
[2026-09-15 17:53:22] [STAGE] Rendering correlation maps and static synthesis
[2026-09-15 17:53:34] [STAGE] Skipping corr/var filtering (Boruta cache exists)
[2026-09-15 17:53:34] [STAGE] Resolving Boruta cross-fold features

─────────────────── Processing Fold 1/5 ───────────────────
Reading existing Boruta-filtered files for fold 0 (seed 42).
[FEATURE TRACE] Saved feature trace for fold 0 to inputs/duplicates/isDeceased_lt_28d/target_col/24h_debut_rea_no-fill/Mode_Commonly_Used_Without_pmsi/tsfel_boruta/train/balanced_seed_42/feature_trace_fold_0.json

─────────────────── Processing Fold 2/5 ───────────────────
Reading existing Boruta-filtered files for fold 1 (seed 42).
[FEATURE TRACE] Saved feature trace for fold 1 to inputs/duplicates/isDeceased_lt_28d/target_col/24h_debut_rea_no-fill/Mode_Commonly_Used_Without_pmsi/tsfel_boruta/train/balanced_seed_42/feature_trace_fold_1.json

─────────────────── Processing Fold 3/5 ───────────────────
Reading existing Boruta-filtered files for fold 2 (seed 42).
[FEATURE TRACE] Saved feature trace for fold 2 to inputs/duplicates/isDeceased_lt_28d/target_col/24h_debut_rea_no-fill/Mode_Commonly_Used_Without_pmsi/tsfel_boruta/train/balanced_seed_42/feature_trace_fold_2.json

─────────────────── Processing Fold 4/5 ───────────────────
Reading existing Boruta-filtered files for fold 3 (seed 42).
[FEATURE TRACE] Saved feature trace for fold 3 to inputs/duplicates/isDeceased_lt_28d/target_col/24h_debut_rea_no-fill/Mode_Commonly_Used_Without_pmsi/tsfel_boruta/train/balanced_seed_42/feature_trace_fold_3.json

─────────────────── Processing Fold 5/5 ───────────────────
Reading existing Boruta-filtered files for fold 4 (seed 42).
[FEATURE TRACE] Saved feature trace for fold 4 to inputs/duplicates/isDeceased_lt_28d/target_col/24h_debut_rea_no-fill/Mode_Commonly_Used_Without_pmsi/tsfel_boruta/train/balanced_seed_42/feature_trace_fold_4.json
All 5 folds were computed successfully!
[2026-09-15 17:53:35] [STAGE] Preparing training
Training started
--> Applied parameters: {}

[2026-09-15 17:53:35] [STAGE] Training fold 1/5

─────────────────── Training Fold 1/5 ───────────────────
    [LEARNING CURVE] Starting the unified learning-curve stage loop...
      -> Stage 20% (128 patients) [TEMPORARY]
      -> Stage 40% (256 patients) [TEMPORARY]
      -> Stage 60% (384 patients) [TEMPORARY]
      -> Stage 80% (512 patients) [TEMPORARY]
      -> Stage 100% (640 patients) [FINAL TRAINING & DISK SAVE]
--> Final model saved to models/duplicates/isDeceased_lt_28d/target_col/24h_debut_rea_no-fill/Mode_Commonly_Used_Without_pmsi/Logistic_Regression_Lasso_TSFEL/balanced_seed_42/fold_0.joblib
[2026-09-15 17:53:44] [STAGE] Training fold 2/5

─────────────────── Training Fold 2/5 ───────────────────
    [LEARNING CURVE] Starting the unified learning-curve stage loop...
      -> Stage 20% (128 patients) [TEMPORARY]
      -> Stage 40% (256 patients) [TEMPORARY]
      -> Stage 60% (384 patients) [TEMPORARY]
      -> Stage 80% (512 patients) [TEMPORARY]
      -> Stage 100% (640 patients) [FINAL TRAINING & DISK SAVE]
--> Final model saved to models/duplicates/isDeceased_lt_28d/target_col/24h_debut_rea_no-fill/Mode_Commonly_Used_Without_pmsi/Logistic_Regression_Lasso_TSFEL/balanced_seed_42/fold_1.joblib
[2026-09-15 17:53:52] [STAGE] Training fold 3/5

─────────────────── Training Fold 3/5 ───────────────────
    [LEARNING CURVE] Starting the unified learning-curve stage loop...
      -> Stage 20% (128 patients) [TEMPORARY]
      -> Stage 40% (256 patients) [TEMPORARY]
      -> Stage 60% (384 patients) [TEMPORARY]
      -> Stage 80% (512 patients) [TEMPORARY]
      -> Stage 100% (640 patients) [FINAL TRAINING & DISK SAVE]
--> Final model saved to models/duplicates/isDeceased_lt_28d/target_col/24h_debut_rea_no-fill/Mode_Commonly_Used_Without_pmsi/Logistic_Regression_Lasso_TSFEL/balanced_seed_42/fold_2.joblib
[2026-09-15 17:53:58] [STAGE] Training fold 4/5

─────────────────── Training Fold 4/5 ───────────────────
    [LEARNING CURVE] Starting the unified learning-curve stage loop...
      -> Stage 20% (128 patients) [TEMPORARY]
      -> Stage 40% (256 patients) [TEMPORARY]
      -> Stage 60% (384 patients) [TEMPORARY]
      -> Stage 80% (512 patients) [TEMPORARY]
      -> Stage 100% (640 patients) [FINAL TRAINING & DISK SAVE]
--> Final model saved to models/duplicates/isDeceased_lt_28d/target_col/24h_debut_rea_no-fill/Mode_Commonly_Used_Without_pmsi/Logistic_Regression_Lasso_TSFEL/balanced_seed_42/fold_3.joblib
[2026-09-15 17:54:06] [STAGE] Training fold 5/5

─────────────────── Training Fold 5/5 ───────────────────
    [LEARNING CURVE] Starting the unified learning-curve stage loop...
      -> Stage 20% (128 patients) [TEMPORARY]
      -> Stage 40% (256 patients) [TEMPORARY]
      -> Stage 60% (384 patients) [TEMPORARY]
      -> Stage 80% (512 patients) [TEMPORARY]
      -> Stage 100% (640 patients) [FINAL TRAINING & DISK SAVE]
--> Final model saved to models/duplicates/isDeceased_lt_28d/target_col/24h_debut_rea_no-fill/Mode_Commonly_Used_Without_pmsi/Logistic_Regression_Lasso_TSFEL/balanced_seed_42/fold_4.joblib
Cross-validation completed successfully. Five models were saved.
Output directory ready: outputs/duplicates/isDeceased_lt_28d/target_col/24h_debut_rea_no-fill/Mode_Commonly_Used_Without_pmsi/Logistic_Regression_Lasso_TSFEL/balanced_seed_42
[2026-09-15 17:54:13] [STAGE] Evaluating the 5 folds
[2026-09-15 17:54:13] [STAGE] Evaluating fold 1/5

─────────────────── Evaluating Fold 1/5 ───────────────────
Loaded model: models/duplicates/isDeceased_lt_28d/target_col/24h_debut_rea_no-fill/Mode_Commonly_Used_Without_pmsi/Logistic_Regression_Lasso_TSFEL/balanced_seed_42/fold_0.joblib
No feature names were found in the root estimator. Using raw NumPy matrices.
    [INFO] Uncalibrated estimator detected on disk.
Fold 1 test accuracy: 0.8500
[FOLD 1] AUC=0.8755, AUPRC=0.6354, Brier=0.1079, ICI=0.0891
[2026-09-15 17:54:13] [STAGE] Evaluating fold 2/5

─────────────────── Evaluating Fold 2/5 ───────────────────
Loaded model: models/duplicates/isDeceased_lt_28d/target_col/24h_debut_rea_no-fill/Mode_Commonly_Used_Without_pmsi/Logistic_Regression_Lasso_TSFEL/balanced_seed_42/fold_1.joblib
No feature names were found in the root estimator. Using raw NumPy matrices.
    [INFO] Uncalibrated estimator detected on disk.
Fold 2 test accuracy: 0.8125
[FOLD 2] AUC=0.7876, AUPRC=0.4673, Brier=0.1417, ICI=0.0976
[2026-09-15 17:54:13] [STAGE] Evaluating fold 3/5

─────────────────── Evaluating Fold 3/5 ───────────────────
Loaded model: models/duplicates/isDeceased_lt_28d/target_col/24h_debut_rea_no-fill/Mode_Commonly_Used_Without_pmsi/Logistic_Regression_Lasso_TSFEL/balanced_seed_42/fold_2.joblib
No feature names were found in the root estimator. Using raw NumPy matrices.
    [INFO] Uncalibrated estimator detected on disk.
Fold 3 test accuracy: 0.7875
[FOLD 3] AUC=0.8489, AUPRC=0.5653, Brier=0.1201, ICI=0.0864
[2026-09-15 17:54:13] [STAGE] Evaluating fold 4/5

─────────────────── Evaluating Fold 4/5 ───────────────────
Loaded model: models/duplicates/isDeceased_lt_28d/target_col/24h_debut_rea_no-fill/Mode_Commonly_Used_Without_pmsi/Logistic_Regression_Lasso_TSFEL/balanced_seed_42/fold_3.joblib
No feature names were found in the root estimator. Using raw NumPy matrices.
    [INFO] Uncalibrated estimator detected on disk.
Fold 4 test accuracy: 0.8187
[FOLD 4] AUC=0.7925, AUPRC=0.5014, Brier=0.1295, ICI=0.0431
[2026-09-15 17:54:13] [STAGE] Evaluating fold 5/5

─────────────────── Evaluating Fold 5/5 ───────────────────
Loaded model: models/duplicates/isDeceased_lt_28d/target_col/24h_debut_rea_no-fill/Mode_Commonly_Used_Without_pmsi/Logistic_Regression_Lasso_TSFEL/balanced_seed_42/fold_4.joblib
No feature names were found in the root estimator. Using raw NumPy matrices.
    [INFO] Uncalibrated estimator detected on disk.
Fold 5 test accuracy: 0.8000
[FOLD 5] AUC=0.7856, AUPRC=0.5468, Brier=0.1331, ICI=0.0900

==================== FOLD METRICS SUMMARY ====================
auc: 0.8180 (± 0.0415)
auprc: 0.5433 (± 0.0643)
f1_score: 0.5797 (± 0.0352)
mcc: 0.4756 (± 0.0436)
best_threshold: 0.1947 (± 0.0687)
brier: 0.1264 (± 0.0129)
calibration_intercept: -0.2423 (± 0.4375)
calibration_slope: 0.7645 (± 0.3236)
ici: 0.0813 (± 0.0217)
e90: 0.3664 (± 0.0767)

==================== GLOBAL CROSS-VALIDATION SUMMARY ====================
Mean accuracy: 0.8138 (± 0.0236)

Aggregated classification report across all 5 folds:
              precision    recall  f1-score   support

       Alive       0.85      0.93      0.89       640
    Deceased       0.56      0.34      0.42       160

    accuracy                           0.81       800
   macro avg       0.70      0.64      0.65       800
weighted avg       0.79      0.81      0.80       800

===============================================================================

Generating the pooled out-of-fold calibration curve...
Lasso path started
Generating Lasso paths with warm start and multiprocessing...
[2026-09-15 17:54:22] [STAGE] Generating final metrics and figures
[Logistic Regression Lasso TSFEL] --- Shape & Fairness Analysis ---
[Logistic Regression Lasso TSFEL] Survivors -> Mean Risk: 0.15 (±0.18)
[Logistic Regression Lasso TSFEL] Deaths    -> Mean Risk: 0.42 (±0.29)
Warning: Unbalanced uncertainty! The model is less confident on one of the classes.
[Logistic Regression Lasso TSFEL] Decision Threshold (KDE Cross): 0.19
The best F1 score of 0.55 is reached at threshold 0.17
Brier score:  0.12644412728573232
[2026-09-15 17:54:24] [STAGE] Evaluating the independent holdout
No feature names were found in the root estimator. Using raw NumPy matrices.
    [INFO] Uncalibrated estimator detected on disk.
Fold 1 test accuracy: 0.8300
No feature names were found in the root estimator. Using raw NumPy matrices.
    [INFO] Uncalibrated estimator detected on disk.
Fold 2 test accuracy: 0.8050
No feature names were found in the root estimator. Using raw NumPy matrices.
    [INFO] Uncalibrated estimator detected on disk.
Fold 3 test accuracy: 0.8300
No feature names were found in the root estimator. Using raw NumPy matrices.
    [INFO] Uncalibrated estimator detected on disk.
Fold 4 test accuracy: 0.8250
No feature names were found in the root estimator. Using raw NumPy matrices.
    [INFO] Uncalibrated estimator detected on disk.
Fold 5 test accuracy: 0.8300
[Logistic Regression Lasso TSFEL] --- Shape & Fairness Analysis ---
[Logistic Regression Lasso TSFEL] Survivors -> Mean Risk: 0.13 (±0.14)
[Logistic Regression Lasso TSFEL] Deaths    -> Mean Risk: 0.34 (±0.25)
Warning: Unbalanced uncertainty! The model is less confident on one of the classes.
[Logistic Regression Lasso TSFEL] Decision Threshold (KDE Cross): -0.08
Brier score:  0.12862569317618744
The best F1 score of 0.53 is reached at threshold 0.21

==================== HOLDOUT BOOTSTRAP SUMMARY ====================
auc: 0.7767 [95% CI 0.6807, 0.8594]
auprc: 0.5415 [95% CI 0.3829, 0.7029]
brier: 0.1286 [95% CI 0.0961, 0.1623]
f1: 0.5225 [95% CI 0.4000, 0.6279]
mcc: 0.3866 [95% CI 0.2462, 0.5217]
calibration_slope: 0.7630 [95% CI 0.4647, 1.1787]
calibration_intercept: -0.0901 [95% CI -0.6457, 0.4786]
ici: 0.0598 [95% CI 0.0420, 0.1182]
e90: 0.2724 [95% CI 0.2058, 0.5291]
[STABILITY] Fold 1: 400 patient draws, C=0.3593813663804626.
50/400 draws processed (50 valid)
100/400 draws processed (100 valid)
150/400 draws processed (150 valid)
200/400 draws processed (200 valid)
250/400 draws processed (250 valid)
300/400 draws processed (300 valid)
350/400 draws processed (350 valid)
400/400 draws processed (400 valid)
[STABILITY] Fold 2: 400 patient draws, C=2.782559402207126.
50/400 draws processed (50 valid)
100/400 draws processed (100 valid)
150/400 draws processed (150 valid)
200/400 draws processed (200 valid)
250/400 draws processed (250 valid)
300/400 draws processed (300 valid)
350/400 draws processed (350 valid)
400/400 draws processed (400 valid)
[STABILITY] Fold 3: 400 patient draws, C=0.3593813663804626.
50/400 draws processed (50 valid)
100/400 draws processed (100 valid)
150/400 draws processed (150 valid)
200/400 draws processed (200 valid)
250/400 draws processed (250 valid)
300/400 draws processed (300 valid)
350/400 draws processed (350 valid)
400/400 draws processed (400 valid)
[STABILITY] Fold 4: 400 patient draws, C=0.3593813663804626.
50/400 draws processed (50 valid)
100/400 draws processed (100 valid)
150/400 draws processed (150 valid)
200/400 draws processed (200 valid)
250/400 draws processed (250 valid)
300/400 draws processed (300 valid)
350/400 draws processed (350 valid)
400/400 draws processed (400 valid)
[STABILITY] Fold 5: 400 patient draws, C=0.3593813663804626.
50/400 draws processed (50 valid)
100/400 draws processed (100 valid)
150/400 draws processed (150 valid)
200/400 draws processed (200 valid)
250/400 draws processed (250 valid)
300/400 draws processed (300 valid)
350/400 draws processed (350 valid)
400/400 draws processed (400 valid)
[STABILITY] Mega-bootstrap caterpillar (2000 draws) saved to outputs/duplicates/isDeceased_lt_28d/target_col/24h_debut_rea_no-fill/Mode_Commonly_Used_Without_pmsi/Logistic_Regression_Lasso_TSFEL/balanced_seed_42/holdout/stability_v2/bootstrap_pooled_all_folds.
[COMPARISON] Model unavailable (skipped): InceptionTimeModified
[COMPARISON] Model unavailable (skipped): LstmTimeModified
[COMPARISON] Model unavailable (skipped): RandomForest TSFEL
[COMPARISON] Model unavailable (skipped): XGBoost TSFEL
[COMPARISON] Model unavailable (skipped): IGS2
[COMPARISON] Loaded 2 models for comparison.
[COMPARISON] Generating comparative report...
[COMPARISON] Output directory: outputs/duplicates/isDeceased_lt_28d/target_col/24h_debut_rea_no-fill/Mode_Commonly_Used_Without_pmsi/Comparisons_All
[COMPARISON] Running generate_comparative_report...

!!! [EXPERIMENT 7/7] CRASHED !!!
Error encountered: module 'utilitaries.figures.comparison' has no attribute 'old_generate_comparative_report'

[STACKTRACE]
Traceback (most recent call last):
  File "/home/poette.m/mimic-validation/TSFE_methodologie/Clean_Build_Workpackages_Workflow/ICU_Models_Comparison.py", line 2976, in <module>
    print(f"[COMPARISON] Model unavailable (skipped): {model_name}", flush=True)
    ^^^^^^^^^^^^^^^^^^^^^^^^^^^^^^^^^^^^^^^^^^^^^^^^^^
AttributeError: module 'utilitaries.figures.comparison' has no attribute 'old_generate_comparative_report'. Did you mean: 'generate_comparative_report'?

!!!!!!!!!!!!!!!!!!!!!!!!!!!!!!!!!!!!!!!!!!!!!!!!!!!!!!!!!!!!!!!!!!!!!!!!!!!!!!!!!!!!!!!!!!

[2026-09-15 18:06:46] [STAGE] Experiment 7 failed (skipped)
[2026-09-15 18:06:46] [STAGE] All experiments have completed
[PIPELINE] Normal completion. Full log: /home/poette.m/mimic-validation/TSFE_methodologie/Clean_Build_Workpackages_Workflow/pipeline_logs/pipeline_20260915_174303_pid294143.log
